TEAM_ID,TEAM_NAME,GP,W,L,W_PCT,MIN,FGM,FGA,FG_PCT,FG3M,FG3A,FG3_PCT,FTM,FTA,FT_PCT,OREB,DREB,REB,AST,TOV,STL,BLK,BLKA,PF,PFD,PTS,PLUS_MINUS,SEASON,E_OFF_RATING,OFF_RATING,E_DEF_RATING,DEF_RATING,E_NET_RATING,NET_RATING,AST_PCT,AST_TO,AST_RATIO,OREB_PCT,DREB_PCT,REB_PCT,TM_TOV_PCT,EFG_PCT,TS_PCT,E_PACE,PACE,PACE_PER40,POSS,PIE
1610612737,Atlanta Hawks,82,56,26,0.683,48.3,34.3,76.9,0.446,8.0,22.4,0.36,18.2,23.8,0.763,12.5,28.7,41.1,19.0,15.0,8.5,5.2,4.0,19.4,0.1,94.8,5.4,1996-97,105.4,106.4,98.9,100.3,6.5,6.2,0.554,1.27,15.5,0.334,0.67,0.505,0.168,0.498,0.542,89.6,88.54,73.78,7304,0.539
1610612738,Boston Celtics,82,15,67,0.183,48.5,37.4,85.0,0.44,5.7,16.2,0.351,20.1,26.8,0.75,13.3,26.7,40.0,21.9,16.4,9.9,3.8,6.8,23.4,0.1,100.6,-7.3,1996-97,100.8,102.9,108.8,110.1,-8.0,-7.2,0.584,1.34,16.1,0.329,0.658,0.482,0.167,0.474,0.52,98.3,96.78,80.65,8014,0.434
1610612766,Charlotte Hornets,82,54,28,0.659,48.3,36.4,77.3,0.471,7.2,16.9,0.428,18.8,24.2,0.777,11.1,28.0,39.1,24.6,14.7,7.3,4.3,4.1,20.8,0.2,98.9,1.9,1996-97,108.0,109.1,105.6,107.1,2.4,2.1,0.676,1.68,19.2,0.316,0.661,0.495,0.162,0.518,0.562,91.1,90.04,75.03,7429,0.528
1610612741,Chicago Bulls,82,69,13,0.841,48.1,40.0,84.4,0.473,6.4,17.1,0.373,16.8,22.5,0.747,15.1,30.0,45.1,26.1,13.5,8.7,4.0,3.5,19.7,0.2,103.1,10.8,1996-97,111.1,112.4,99.2,100.7,12.0,11.8,0.654,1.93,19.4,0.374,0.67,0.524,0.147,0.511,0.547,92.7,91.5,76.25,7522,0.586
1610612739,Cleveland Cavaliers,82,42,40,0.512,48.4,33.0,72.8,0.453,5.9,15.7,0.376,15.6,21.6,0.723,11.1,26.3,37.4,20.9,14.5,8.0,3.8,4.3,23.0,0.2,87.5,1.8,1996-97,102.0,102.7,99.4,100.8,2.6,1.9,0.634,1.44,17.5,0.322,0.681,0.499,0.17,0.493,0.531,85.2,84.31,70.25,6983,0.512
1610612742,Dallas Mavericks,82,24,58,0.293,48.3,34.3,78.7,0.436,5.2,16.0,0.326,16.8,23.4,0.717,12.7,27.6,40.3,20.3,16.1,8.0,4.3,5.3,21.9,0.2,90.6,-6.4,1996-97,98.0,99.5,105.7,106.0,-7.7,-6.5,0.591,1.26,16.0,0.332,0.65,0.488,0.177,0.469,0.509,91.5,90.65,75.54,7464,0.448
1610612743,Denver Nuggets,82,21,61,0.256,48.6,35.8,81.5,0.439,7.8,20.9,0.372,18.5,24.3,0.761,12.1,29.9,42.0,23.0,16.6,6.1,5.9,5.5,21.8,0.2,97.8,-6.3,1996-97,101.2,103.1,108.2,109.7,-7.0,-6.6,0.644,1.39,17.4,0.324,0.666,0.496,0.175,0.486,0.53,95.2,93.67,78.06,7776,0.461
1610612765,Detroit Pistons,82,54,28,0.659,48.4,34.5,74.3,0.464,7.1,18.3,0.388,18.1,24.3,0.745,10.5,28.0,38.4,19.0,12.7,7.7,3.5,3.4,20.1,0.2,94.2,5.2,1996-97,107.9,108.5,101.3,102.6,6.6,5.9,0.55,1.49,16.1,0.302,0.675,0.492,0.146,0.512,0.554,86.9,86.09,71.74,7120,0.53
1610612744,Golden State Warriors,82,30,52,0.366,48.5,36.5,80.1,0.456,5.9,16.6,0.353,20.7,26.6,0.778,13.2,27.5,40.8,22.2,17.2,7.5,4.4,4.8,21.8,0.1,99.6,-4.7,1996-97,104.1,105.3,108.9,110.3,-4.8,-5.0,0.608,1.29,16.8,0.347,0.648,0.497,0.182,0.493,0.543,94.7,93.58,77.98,7761,0.464
1610612745,Houston Rockets,82,57,25,0.695,48.4,37.0,79.1,0.468,8.2,22.4,0.365,18.3,24.3,0.755,11.3,31.3,42.6,24.5,16.6,8.4,4.2,4.5,19.6,0.2,100.6,4.5,1996-97,105.8,107.5,101.4,102.8,4.4,4.7,0.663,1.47,18.7,0.318,0.692,0.514,0.178,0.52,0.56,94.1,92.73,77.27,7674,0.536
1610612754,Indiana Pacers,82,39,43,0.476,48.6,34.8,76.3,0.456,5.2,13.8,0.381,20.6,28.5,0.722,12.5,29.1,41.7,21.3,16.3,7.1,4.8,5.1,24.1,0.3,95.4,1.0,1996-97,103.0,104.2,101.8,102.9,1.2,1.3,0.614,1.31,16.8,0.338,0.668,0.506,0.178,0.49,0.537,91.5,90.44,75.37,7501,0.504
1610612746,Los Angeles Clippers,82,36,46,0.439,48.6,36.5,81.7,0.446,5.8,16.3,0.354,18.5,25.3,0.731,13.3,27.3,40.7,20.3,16.0,8.9,5.4,5.1,24.0,0.1,97.2,-2.4,1996-97,101.8,103.5,104.9,106.2,-3.1,-2.8,0.556,1.27,15.6,0.339,0.654,0.492,0.17,0.482,0.524,94.0,92.65,77.21,7703,0.475
1610612747,Los Angeles Lakers,82,56,26,0.683,48.6,36.8,81.0,0.454,6.7,18.3,0.367,19.7,28.4,0.692,13.3,29.4,42.8,22.5,14.9,9.0,7.0,4.7,22.2,0.1,100.0,4.3,1996-97,105.2,106.4,100.8,102.3,4.3,4.2,0.611,1.51,17.0,0.343,0.658,0.501,0.159,0.496,0.535,93.8,92.61,77.18,7705,0.53
1610612748,Miami Heat,82,61,21,0.744,48.3,34.4,76.0,0.453,8.3,22.7,0.364,17.7,24.7,0.719,11.7,29.3,41.0,21.2,15.9,7.9,5.4,4.8,23.4,0.3,94.8,5.5,1996-97,104.0,105.2,97.9,99.2,6.1,6.0,0.615,1.33,16.9,0.324,0.678,0.504,0.177,0.507,0.546,90.6,89.54,74.62,7393,0.536
1610612749,Milwaukee Bucks,82,33,49,0.402,48.1,36.2,76.9,0.471,4.0,11.2,0.352,19.0,25.7,0.741,11.6,27.6,39.2,19.6,15.7,7.7,4.2,4.8,23.1,0.1,95.3,-1.9,1996-97,103.4,104.7,105.6,106.7,-2.2,-2.0,0.543,1.25,15.8,0.329,0.669,0.501,0.172,0.496,0.541,91.9,90.85,75.71,7465,0.477
1610612750,Minnesota Timberwolves,82,40,42,0.488,48.2,35.8,78.5,0.456,4.5,13.3,0.339,20.0,26.6,0.751,11.7,28.1,39.7,22.9,15.2,7.5,6.8,5.4,22.2,0.2,96.1,-1.5,1996-97,102.6,103.9,103.7,105.5,-1.1,-1.7,0.638,1.51,17.7,0.323,0.649,0.488,0.164,0.485,0.533,93.4,92.04,76.7,7588,0.501
1610612751,New Jersey Nets,82,26,56,0.317,48.2,36.5,86.5,0.422,5.9,16.7,0.353,18.3,24.8,0.74,17.2,29.0,46.2,21.0,15.7,8.3,5.9,6.3,22.7,0.2,97.2,-4.6,1996-97,101.4,102.4,106.5,107.2,-5.1,-4.8,0.576,1.34,15.5,0.376,0.669,0.513,0.166,0.456,0.499,95.3,94.47,78.72,7785,0.457
1610612752,New York Knicks,82,57,25,0.695,48.4,35.1,75.9,0.463,5.7,15.8,0.363,19.3,25.8,0.748,11.9,30.7,42.5,22.1,17.8,7.7,4.6,3.6,24.8,0.2,95.4,3.1,1996-97,102.2,102.9,97.6,99.5,4.6,3.4,0.628,1.24,17.2,0.323,0.7,0.519,0.192,0.501,0.546,93.0,91.84,76.53,7598,0.537
1610612753,Orlando Magic,82,45,37,0.549,48.4,34.6,79.2,0.437,6.9,20.3,0.341,18.0,24.1,0.746,13.1,27.1,40.1,20.6,15.2,8.5,4.4,5.1,20.0,0.1,94.1,-0.4,1996-97,102.3,103.8,103.3,104.2,-1.0,-0.5,0.595,1.35,16.3,0.336,0.651,0.49,0.168,0.481,0.524,90.9,89.88,74.9,7438,0.486
1610612755,Philadelphia 76ers,82,22,60,0.268,48.2,36.6,83.5,0.438,5.3,16.5,0.319,21.7,29.9,0.725,15.5,28.7,44.2,20.7,17.5,8.3,4.8,6.0,21.1,0.1,100.2,-6.5,1996-97,101.4,102.6,108.4,109.5,-6.9,-6.9,0.564,1.18,15.2,0.359,0.654,0.504,0.179,0.47,0.518,98.1,97.05,80.88,8006,0.453
1610612756,Phoenix Suns,82,40,42,0.488,48.4,38.3,81.8,0.469,6.4,17.4,0.369,19.7,25.9,0.761,11.2,29.0,40.1,25.2,14.4,8.1,3.9,4.5,21.1,0.1,102.8,0.7,1996-97,106.7,108.0,105.5,107.1,1.2,0.9,0.658,1.75,18.9,0.297,0.663,0.482,0.151,0.508,0.552,95.8,94.46,78.72,7808,0.509
1610612757,Portland Trail Blazers,82,49,33,0.598,48.4,36.6,78.8,0.464,6.1,17.1,0.358,19.7,27.6,0.713,12.9,30.4,43.3,20.8,16.5,7.8,5.3,5.2,23.5,0.2,99.0,4.2,1996-97,104.6,106.3,100.5,102.1,4.1,4.2,0.57,1.26,16.1,0.358,0.691,0.527,0.178,0.503,0.544,93.7,92.17,76.81,7635,0.527
1610612758,Sacramento Kings,82,34,48,0.415,48.3,36.6,80.6,0.454,5.0,12.9,0.391,18.2,25.2,0.723,13.4,28.1,41.5,21.9,16.2,7.2,4.4,5.2,23.5,0.4,96.4,-3.9,1996-97,101.9,102.7,105.8,107.0,-3.8,-4.3,0.598,1.34,16.8,0.348,0.661,0.502,0.174,0.485,0.526,93.4,92.68,77.23,7654,0.47
1610612759,San Antonio Spurs,82,20,62,0.244,48.1,34.5,77.9,0.442,4.6,14.4,0.32,16.9,23.5,0.719,13.4,26.0,39.4,20.3,15.2,7.9,5.3,5.5,21.5,0.2,90.5,-7.9,1996-97,100.5,102.1,108.8,110.8,-8.3,-8.8,0.588,1.34,16.3,0.344,0.643,0.49,0.171,0.472,0.512,90.0,88.45,73.71,7268,0.44
1610612760,Seattle SuperSonics,82,57,25,0.695,48.2,36.5,78.2,0.467,6.8,19.3,0.353,21.0,28.0,0.752,12.3,27.7,40.0,23.5,15.0,11.0,4.7,5.2,22.0,0.2,100.9,7.7,1996-97,108.2,109.6,99.5,101.0,8.7,8.5,0.644,1.57,18.1,0.341,0.657,0.5,0.163,0.51,0.557,92.9,91.68,76.4,7549,0.562
1610612761,Toronto Raptors,82,30,52,0.366,48.4,35.3,80.9,0.437,7.2,19.8,0.363,17.6,24.5,0.72,13.8,27.5,41.3,20.9,16.4,8.8,6.3,5.4,23.0,0.1,95.5,-3.1,1996-97,101.3,102.9,105.1,106.4,-3.7,-3.5,0.592,1.27,16.1,0.35,0.657,0.498,0.177,0.481,0.521,93.3,92.03,76.69,7608,0.467
1610612762,Utah Jazz,82,64,18,0.78,48.4,38.2,75.8,0.504,4.1,11.0,0.37,22.7,29.5,0.769,10.8,29.4,40.2,26.8,15.4,9.1,5.1,4.5,24.1,0.2,103.1,8.8,1996-97,110.5,112.4,101.6,102.6,9.0,9.8,0.702,1.75,20.4,0.328,0.687,0.518,0.167,0.531,0.581,92.4,91.1,75.92,7520,0.59
1610612763,Vancouver Grizzlies,82,14,68,0.171,48.2,34.4,78.7,0.437,5.4,15.5,0.349,15.0,21.1,0.709,12.5,26.3,38.8,22.7,15.9,8.0,5.7,5.6,21.4,0.1,89.2,-10.2,1996-97,97.6,99.1,108.9,110.1,-11.3,-11.0,0.661,1.43,17.9,0.325,0.618,0.469,0.176,0.471,0.507,90.9,89.7,74.75,7380,0.433
1610612764,Washington Bullets,82,44,38,0.537,48.4,39.1,81.4,0.48,4.0,12.2,0.331,17.1,24.1,0.707,12.3,29.5,41.8,23.4,15.7,8.7,4.9,4.1,22.1,0.2,99.4,1.6,1996-97,104.1,105.2,102.0,103.7,2.1,1.5,0.599,1.49,17.7,0.326,0.676,0.503,0.167,0.505,0.54,94.8,93.52,77.93,7746,0.525
1610612737,Atlanta Hawks,82,50,32,0.61,48.5,35.2,77.5,0.455,4.1,12.4,0.332,21.3,28.2,0.756,13.5,29.5,43.0,19.1,14.8,7.9,6.0,4.5,20.4,0.2,95.9,3.5,1997-98,105.1,106.5,100.8,102.5,4.3,4.0,0.543,1.29,15.3,0.356,0.669,0.518,0.165,0.481,0.533,90.5,89.1,74.25,7377,0.532
1610612738,Boston Celtics,82,36,46,0.439,48.1,36.7,84.6,0.434,5.1,15.2,0.332,17.4,24.0,0.726,14.6,24.9,39.5,22.1,16.2,12.0,4.5,5.0,26.9,0.2,95.9,-2.6,1997-98,99.1,100.8,102.6,103.5,-3.5,-2.7,0.603,1.37,16.5,0.352,0.642,0.484,0.171,0.464,0.504,96.1,94.9,79.08,7800,0.457
1610612766,Charlotte Hornets,82,51,31,0.622,48.2,36.2,77.4,0.468,4.2,11.0,0.383,20.0,26.7,0.751,12.0,28.5,40.6,23.7,15.2,8.4,3.8,4.5,21.4,0.3,96.6,2.0,1997-98,104.7,105.5,102.7,103.3,2.0,2.2,0.654,1.56,18.3,0.326,0.691,0.51,0.166,0.495,0.542,91.8,91.13,75.95,7511,0.526
1610612741,Chicago Bulls,82,62,20,0.756,48.4,37.4,82.9,0.451,3.8,11.7,0.323,18.2,24.5,0.743,15.2,29.7,44.9,23.8,14.4,8.5,4.3,4.3,20.6,0.2,96.7,7.1,1997-98,104.1,106.2,96.7,98.4,7.3,7.8,0.637,1.66,18.0,0.381,0.676,0.527,0.158,0.473,0.516,92.0,90.3,75.25,7471,0.56
1610612739,Cleveland Cavaliers,82,47,35,0.573,48.4,34.4,75.7,0.454,3.6,9.8,0.372,20.2,26.7,0.756,11.6,28.4,40.1,23.1,17.3,9.9,5.1,5.5,23.6,0.1,92.5,2.7,1997-98,99.3,100.3,96.0,97.5,3.3,2.8,0.672,1.33,17.8,0.33,0.678,0.508,0.188,0.478,0.529,92.6,91.43,76.19,7561,0.528
1610612742,Dallas Mavericks,82,20,62,0.244,48.5,35.1,82.4,0.427,5.1,14.4,0.357,16.0,21.2,0.753,12.3,27.8,40.1,18.7,14.4,7.9,5.7,4.6,20.0,0.2,91.4,-6.1,1997-98,97.4,98.9,104.4,105.2,-7.0,-6.3,0.533,1.3,14.9,0.306,0.632,0.466,0.156,0.458,0.498,92.6,91.47,76.23,7575,0.446
1610612743,Denver Nuggets,82,11,71,0.134,48.1,32.6,78.2,0.418,3.5,10.9,0.323,20.2,26.2,0.772,12.7,26.3,39.0,18.9,16.0,8.1,4.8,6.5,23.6,0.2,89.0,-11.8,1997-98,95.7,97.4,109.1,110.6,-13.4,-13.2,0.578,1.18,15.0,0.337,0.639,0.482,0.175,0.44,0.496,92.5,91.06,75.88,7496,0.407
1610612765,Detroit Pistons,82,37,45,0.451,48.7,34.9,77.7,0.449,3.6,11.4,0.312,20.8,27.9,0.745,12.7,28.5,41.2,19.5,14.6,8.3,4.2,4.7,22.0,0.2,94.2,1.6,1997-98,102.5,103.4,100.4,101.8,2.1,1.6,0.558,1.33,15.5,0.332,0.668,0.5,0.16,0.472,0.523,90.8,89.75,74.79,7468,0.505
1610612744,Golden State Warriors,82,19,63,0.232,48.4,34.7,83.9,0.413,2.3,8.5,0.272,16.6,23.3,0.71,15.7,30.2,45.9,20.8,16.7,7.6,5.5,5.8,22.7,0.1,88.3,-9.1,1997-98,92.7,93.9,102.8,103.5,-10.1,-9.6,0.6,1.25,15.7,0.356,0.664,0.505,0.178,0.427,0.468,94.2,93.31,77.76,7707,0.423
1610612745,Houston Rockets,82,41,41,0.5,48.4,35.9,79.4,0.452,7.0,20.4,0.343,19.9,25.9,0.771,12.0,28.7,40.7,21.9,15.8,8.4,3.6,4.5,20.2,0.2,98.8,-0.8,1997-98,104.4,105.9,105.6,106.8,-1.2,-0.9,0.611,1.39,16.9,0.324,0.672,0.499,0.17,0.496,0.544,93.7,92.52,77.1,7649,0.49
1610612754,Indiana Pacers,82,58,24,0.707,48.4,35.6,75.9,0.469,4.9,12.5,0.39,19.9,26.0,0.764,10.7,28.6,39.3,23.0,14.2,7.9,4.5,4.5,22.7,0.1,96.0,6.1,1997-98,105.6,106.3,98.4,99.5,7.2,6.8,0.647,1.62,18.3,0.305,0.657,0.49,0.158,0.502,0.55,90.5,89.69,74.75,7410,0.553
1610612746,Los Angeles Clippers,82,17,65,0.207,48.2,35.7,81.6,0.438,6.4,17.9,0.358,18.0,25.0,0.723,12.7,27.8,40.4,18.7,16.1,7.6,5.6,5.0,22.3,0.1,95.9,-7.4,1997-98,99.9,101.8,108.3,109.6,-8.4,-7.7,0.523,1.16,14.6,0.33,0.638,0.481,0.171,0.477,0.518,95.2,93.74,78.12,7723,0.437
1610612747,Los Angeles Lakers,82,61,21,0.744,48.4,38.4,79.7,0.481,6.1,17.3,0.351,22.7,33.5,0.679,13.2,30.1,43.3,24.5,15.3,9.0,6.8,5.2,22.7,0.1,105.5,7.7,1997-98,109.2,110.4,100.7,102.3,8.5,8.1,0.639,1.6,18.1,0.339,0.656,0.503,0.16,0.519,0.559,96.1,94.85,79.04,7836,0.558
1610612748,Miami Heat,82,55,27,0.671,48.2,34.8,77.2,0.45,6.7,18.8,0.355,18.8,25.4,0.739,12.5,29.5,42.0,21.4,15.0,8.1,5.2,4.5,24.2,0.2,95.0,4.9,1997-98,104.6,105.7,98.7,100.5,5.9,5.2,0.617,1.43,17.0,0.339,0.669,0.508,0.166,0.494,0.538,90.6,89.35,74.46,7367,0.535
1610612749,Milwaukee Bucks,82,36,46,0.439,48.6,35.6,78.0,0.456,3.0,8.6,0.354,20.3,26.4,0.767,12.6,27.3,39.9,20.1,16.9,8.9,4.4,4.9,23.4,0.2,94.5,-1.9,1997-98,100.6,101.5,102.4,103.7,-1.8,-2.2,0.565,1.19,15.7,0.34,0.664,0.501,0.181,0.475,0.527,92.8,91.9,76.58,7637,0.483
1610612750,Minnesota Timberwolves,82,45,37,0.549,48.6,38.5,83.5,0.461,3.7,10.6,0.347,20.4,27.5,0.743,13.0,29.6,42.6,25.2,13.9,7.8,5.2,5.0,23.0,0.3,101.1,0.7,1997-98,104.8,106.4,103.6,105.5,1.2,0.8,0.655,1.82,18.6,0.333,0.657,0.497,0.146,0.483,0.529,95.5,93.89,78.24,7793,0.515
1610612751,New Jersey Nets,82,43,39,0.524,48.5,37.3,84.5,0.441,3.8,11.4,0.331,21.3,28.7,0.744,16.4,26.1,42.5,20.5,14.4,9.5,3.8,6.3,23.4,0.3,99.6,1.6,1997-98,104.8,105.8,103.3,104.3,1.4,1.5,0.552,1.43,15.3,0.383,0.65,0.508,0.153,0.463,0.513,94.0,93.16,77.63,7723,0.497
1610612752,New York Knicks,82,43,39,0.524,48.4,34.9,78.2,0.447,4.7,13.9,0.335,17.1,22.1,0.772,11.9,29.7,41.6,21.8,15.2,7.7,3.4,3.8,23.7,0.3,91.6,2.5,1997-98,100.4,101.5,97.1,98.8,3.3,2.7,0.624,1.43,17.3,0.319,0.703,0.512,0.169,0.476,0.521,90.8,89.53,74.61,7398,0.517
1610612753,Orlando Magic,82,41,41,0.5,48.4,33.8,78.7,0.429,3.6,11.1,0.323,18.9,26.1,0.726,14.4,26.9,41.2,20.7,15.3,7.9,5.4,4.7,19.7,0.2,90.1,-1.1,1997-98,98.8,101.0,100.9,102.2,-2.1,-1.2,0.611,1.35,16.3,0.37,0.646,0.505,0.172,0.452,0.499,90.1,88.51,73.76,7315,0.489
1610612755,Philadelphia 76ers,82,31,51,0.378,48.2,34.6,78.2,0.443,3.0,9.9,0.3,21.1,28.7,0.737,13.7,28.0,41.7,21.1,16.5,8.9,6.0,6.2,22.9,0.1,93.3,-2.4,1997-98,99.7,101.1,102.7,103.3,-3.0,-2.3,0.609,1.28,16.3,0.341,0.66,0.499,0.179,0.462,0.514,93.0,92.11,76.76,7570,0.478
1610612756,Phoenix Suns,82,56,26,0.683,48.7,38.3,81.8,0.468,5.3,14.8,0.356,17.8,23.8,0.749,12.1,29.9,42.0,25.9,15.1,9.2,5.2,3.9,21.5,0.2,99.6,5.2,1997-98,104.5,106.3,98.8,100.6,5.7,5.6,0.677,1.72,19.3,0.321,0.664,0.497,0.161,0.5,0.54,94.1,92.47,77.06,7685,0.547
1610612757,Portland Trail Blazers,82,46,36,0.561,48.4,35.2,78.0,0.451,4.0,12.8,0.309,20.0,27.1,0.737,13.2,30.8,44.0,21.5,16.9,7.1,5.7,5.4,22.7,0.2,94.3,1.4,1997-98,100.8,102.4,99.5,100.8,1.3,1.6,0.612,1.28,16.6,0.355,0.685,0.525,0.183,0.476,0.524,92.8,91.46,76.22,7555,0.512
1610612758,Sacramento Kings,82,27,55,0.329,48.1,36.1,81.5,0.442,3.5,9.8,0.351,17.6,25.6,0.687,13.3,28.1,41.4,22.4,15.5,7.3,5.1,5.7,22.1,0.0,93.1,-5.6,1997-98,98.1,99.1,103.8,105.0,-5.7,-5.9,0.621,1.44,17.0,0.328,0.643,0.483,0.165,0.464,0.502,94.8,93.78,78.15,7709,0.458
1610612759,San Antonio Spurs,82,56,26,0.683,48.4,35.3,75.5,0.468,3.7,10.5,0.35,18.2,26.4,0.688,12.0,32.2,44.2,22.4,16.1,6.3,6.9,4.6,21.1,0.2,92.5,4.0,1997-98,101.5,102.4,96.2,98.0,5.3,4.4,0.635,1.4,17.7,0.326,0.696,0.524,0.178,0.493,0.531,90.9,89.65,74.71,7407,0.551
1610612760,Seattle SuperSonics,82,61,21,0.744,48.2,37.2,78.8,0.473,7.6,19.2,0.395,18.5,25.7,0.721,11.4,27.1,38.5,24.2,14.0,9.8,4.6,4.9,22.1,0.2,100.6,7.2,1997-98,108.5,110.1,100.4,102.3,8.1,7.9,0.651,1.73,18.7,0.321,0.635,0.481,0.153,0.521,0.558,92.5,90.96,75.8,7487,0.544
1610612761,Toronto Raptors,82,16,66,0.195,48.6,36.2,83.1,0.435,4.5,13.2,0.343,18.0,25.1,0.718,14.5,26.2,40.7,21.3,16.7,9.4,8.1,6.3,22.6,0.1,94.9,-9.3,1997-98,98.5,99.4,107.7,108.9,-9.2,-9.5,0.589,1.27,16.0,0.339,0.602,0.466,0.175,0.462,0.504,95.4,94.36,78.64,7829,0.431
1610612762,Utah Jazz,82,62,20,0.756,48.2,36.5,74.5,0.49,3.0,8.2,0.372,24.9,32.2,0.773,11.7,29.3,41.1,25.2,15.4,7.9,5.0,5.2,23.9,0.3,101.0,6.5,1997-98,109.3,110.9,102.3,103.8,7.0,7.2,0.692,1.64,19.4,0.352,0.684,0.529,0.169,0.51,0.569,91.9,90.55,75.46,7464,0.571
1610612763,Vancouver Grizzlies,82,19,63,0.232,48.4,36.7,80.1,0.458,4.0,11.0,0.362,19.3,26.2,0.739,13.2,28.2,41.4,23.9,17.1,7.5,4.3,6.6,22.1,0.2,96.6,-7.3,1997-98,101.1,102.4,109.3,110.2,-8.2,-7.8,0.652,1.4,17.9,0.34,0.652,0.496,0.182,0.482,0.527,94.6,93.6,78.0,7735,0.452
1610612764,Washington Wizards,82,42,40,0.512,48.3,37.6,83.1,0.452,3.9,11.5,0.339,18.2,26.3,0.691,13.7,28.5,42.2,23.2,14.1,8.4,4.6,4.5,22.4,0.2,97.2,0.6,1997-98,102.2,103.9,101.6,103.2,0.6,0.7,0.617,1.64,17.5,0.339,0.673,0.501,0.151,0.476,0.513,94.5,92.98,77.49,7669,0.507
1610612737,Atlanta Hawks,50,31,19,0.62,48.3,30.8,75.2,0.409,3.9,12.9,0.306,20.8,28.4,0.731,13.5,30.0,43.5,15.6,14.9,6.9,5.2,4.9,19.7,0.2,86.3,2.9,1998-99,96.9,98.4,93.9,95.3,3.0,3.1,0.507,1.05,13.0,0.353,0.701,0.527,0.17,0.436,0.492,88.4,87.1,72.58,4387,0.525
1610612738,Boston Celtics,50,19,31,0.38,48.6,36.3,83.3,0.436,5.5,15.2,0.36,14.9,21.5,0.692,13.6,29.2,42.8,21.5,16.1,9.1,5.1,5.1,23.9,0.1,93.0,-1.9,1998-99,97.6,98.7,99.7,100.8,-2.1,-2.1,0.591,1.33,16.3,0.33,0.666,0.493,0.171,0.469,0.501,94.0,93.02,77.51,4711,0.473
1610612766,Charlotte Hornets,50,26,24,0.52,48.6,33.4,74.4,0.449,5.4,14.7,0.365,20.7,27.7,0.747,9.6,29.9,39.5,22.2,15.9,8.9,4.9,4.6,22.0,0.1,92.9,-0.1,1998-99,100.0,100.4,99.2,100.4,0.8,0.0,0.664,1.39,17.6,0.266,0.678,0.482,0.172,0.485,0.537,92.1,91.43,76.19,4626,0.511
1610612741,Chicago Bulls,50,13,37,0.26,48.3,30.8,76.7,0.401,3.5,12.2,0.29,16.8,23.7,0.709,11.5,27.9,39.3,20.3,15.5,8.7,3.4,5.7,22.2,0.1,81.9,-9.5,1998-99,89.8,91.4,100.1,101.7,-10.2,-10.4,0.661,1.31,16.4,0.299,0.684,0.482,0.173,0.424,0.47,90.7,89.19,74.32,4482,0.42
1610612739,Cleveland Cavaliers,50,22,28,0.44,48.2,31.2,71.2,0.439,3.6,10.7,0.341,20.3,27.1,0.749,9.4,26.3,35.8,21.9,15.7,9.0,4.1,5.6,24.2,0.1,86.4,-1.7,1998-99,96.7,98.2,98.5,100.1,-1.9,-1.9,0.7,1.39,17.9,0.295,0.656,0.478,0.178,0.464,0.52,89.1,87.66,73.05,4400,0.493
1610612742,Dallas Mavericks,50,19,31,0.38,48.3,35.0,80.7,0.434,4.0,11.9,0.339,17.6,24.2,0.728,12.9,29.6,42.5,18.4,13.8,7.0,5.8,4.9,21.3,0.1,91.6,-2.4,1998-99,99.3,100.2,102.2,103.0,-2.9,-2.7,0.527,1.33,14.7,0.321,0.673,0.495,0.151,0.459,0.502,91.6,90.8,75.66,4570,0.474
1610612743,Denver Nuggets,50,14,36,0.28,48.1,33.6,79.8,0.421,6.0,18.4,0.328,20.2,26.5,0.762,12.9,27.8,40.8,19.4,14.8,7.5,5.5,5.5,22.9,0.1,93.5,-6.6,1998-99,100.2,101.4,106.8,108.6,-6.5,-7.3,0.576,1.31,15.3,0.319,0.66,0.483,0.16,0.459,0.511,93.3,91.99,76.66,4611,0.442
1610612765,Detroit Pistons,50,29,21,0.58,48.2,33.2,74.3,0.447,5.0,13.6,0.365,19.0,25.7,0.74,12.1,28.2,40.3,20.2,15.8,8.9,4.2,4.5,22.8,0.1,90.4,3.4,1998-99,101.2,102.4,97.9,98.4,3.3,4.0,0.608,1.28,16.4,0.331,0.697,0.514,0.179,0.48,0.528,88.7,87.93,73.28,4411,0.515
1610612744,Golden State Warriors,50,21,29,0.42,48.5,34.6,83.5,0.415,3.2,11.3,0.287,15.9,23.5,0.676,16.3,31.2,47.5,20.7,15.4,8.3,4.4,6.1,25.4,0.1,88.3,-2.5,1998-99,95.1,96.0,98.7,98.9,-3.6,-2.9,0.599,1.35,15.8,0.367,0.69,0.523,0.167,0.434,0.471,91.5,90.96,75.8,4600,0.466
1610612745,Houston Rockets,50,31,19,0.62,48.3,35.1,76.0,0.462,6.7,18.3,0.368,17.3,23.7,0.729,10.7,30.8,41.5,21.2,16.2,7.7,5.2,4.9,19.2,0.1,94.2,2.3,1998-99,102.5,103.5,100.1,101.0,2.4,2.5,0.603,1.3,16.9,0.312,0.678,0.506,0.178,0.506,0.545,91.3,90.45,75.38,4551,0.523
1610612754,Indiana Pacers,50,33,17,0.66,48.4,34.6,77.3,0.448,5.9,16.0,0.368,19.5,24.6,0.796,11.5,29.0,40.5,20.1,13.0,6.3,4.5,4.8,21.6,0.2,94.7,3.7,1998-99,105.6,106.6,101.0,102.2,4.6,4.3,0.581,1.55,16.4,0.31,0.671,0.495,0.146,0.486,0.537,89.1,88.16,73.46,4442,0.526
1610612746,Los Angeles Clippers,50,9,41,0.18,48.5,34.2,80.1,0.427,4.3,13.4,0.32,17.7,24.5,0.721,13.3,25.9,39.2,16.4,15.9,8.5,4.7,5.8,24.5,0.1,90.4,-8.8,1998-99,96.6,98.3,107.0,107.8,-10.4,-9.6,0.479,1.03,13.2,0.332,0.646,0.48,0.173,0.454,0.497,92.2,91.04,75.87,4599,0.402
1610612747,Los Angeles Lakers,50,31,19,0.62,48.2,36.8,78.7,0.468,4.8,13.7,0.352,20.5,30.1,0.683,12.3,29.6,42.0,21.9,15.1,7.8,5.7,3.9,24.6,0.1,99.0,3.0,1998-99,104.6,106.1,101.2,102.8,3.3,3.3,0.595,1.45,16.9,0.323,0.671,0.5,0.162,0.498,0.538,94.3,92.95,77.46,4666,0.527
1610612748,Miami Heat,50,33,17,0.66,48.1,32.3,71.3,0.453,5.8,16.1,0.359,18.6,25.2,0.735,10.1,30.2,40.3,20.4,14.9,6.5,6.1,3.8,20.7,0.1,89.0,5.0,1998-99,102.0,102.9,96.0,97.1,6.0,5.8,0.631,1.37,17.1,0.299,0.683,0.503,0.172,0.494,0.54,87.2,86.35,71.96,4325,0.56
1610612749,Milwaukee Bucks,50,28,22,0.56,48.2,35.1,76.4,0.459,4.6,12.4,0.373,16.9,23.1,0.733,11.4,27.4,38.8,20.6,14.4,8.8,4.0,3.9,22.8,0.2,91.7,1.7,1998-99,102.4,102.9,99.5,101.2,2.9,1.8,0.588,1.43,16.8,0.312,0.648,0.484,0.161,0.489,0.53,89.6,88.64,73.87,4453,0.512
1610612750,Minnesota Timberwolves,50,25,25,0.5,48.1,36.8,86.5,0.425,2.4,8.2,0.298,17.0,22.9,0.743,15.1,27.8,42.9,24.4,12.8,8.5,5.4,5.2,23.7,0.1,92.9,0.4,1998-99,98.5,99.9,98.2,99.4,0.4,0.5,0.663,1.9,18.1,0.348,0.673,0.501,0.138,0.439,0.481,94.1,92.86,77.38,4651,0.493
1610612751,New Jersey Nets,50,16,34,0.32,48.2,33.8,83.2,0.406,4.5,13.6,0.331,19.2,25.0,0.769,14.3,28.7,43.0,18.5,15.0,9.8,5.5,6.5,22.7,0.2,91.4,-3.8,1998-99,96.3,97.0,100.6,101.2,-4.4,-4.2,0.546,1.23,14.3,0.328,0.682,0.496,0.159,0.434,0.485,94.3,93.73,78.11,4711,0.466
1610612752,New York Knicks,50,27,23,0.54,48.4,32.2,74.1,0.435,4.2,11.8,0.353,17.8,24.4,0.732,11.0,30.2,41.2,19.3,16.1,7.9,5.2,4.3,22.8,0.2,86.4,1.0,1998-99,96.2,97.2,94.3,95.9,1.9,1.2,0.598,1.2,15.9,0.303,0.671,0.494,0.181,0.463,0.509,89.5,88.22,73.52,4446,0.515
1610612753,Orlando Magic,50,33,17,0.66,48.2,33.7,78.9,0.428,4.5,13.5,0.33,17.5,25.0,0.7,13.8,28.9,42.7,21.3,16.4,9.9,4.3,4.8,18.7,0.1,89.5,2.6,1998-99,96.7,98.9,95.3,96.3,1.4,2.6,0.632,1.3,16.6,0.36,0.685,0.518,0.181,0.456,0.498,91.4,89.93,74.94,4521,0.519
1610612755,Philadelphia 76ers,50,28,22,0.56,48.6,33.1,77.7,0.426,2.0,7.4,0.264,21.5,29.7,0.722,14.6,28.6,43.1,18.7,16.4,10.8,5.4,5.3,23.0,0.1,89.7,2.1,1998-99,96.8,97.8,94.6,95.5,2.2,2.4,0.564,1.14,14.7,0.356,0.679,0.515,0.179,0.439,0.494,91.4,90.56,75.46,4582,0.518
1610612756,Phoenix Suns,50,27,23,0.54,48.2,35.9,80.1,0.449,5.2,14.0,0.372,18.5,24.3,0.76,12.0,28.4,40.3,25.0,13.6,8.9,4.0,4.1,20.4,0.1,95.6,2.3,1998-99,103.4,103.9,99.9,101.6,3.5,2.2,0.695,1.83,19.1,0.306,0.671,0.489,0.148,0.481,0.526,92.6,91.54,76.28,4601,0.529
1610612757,Portland Trail Blazers,50,35,15,0.7,48.7,34.9,79.1,0.442,4.9,13.5,0.364,20.0,27.0,0.743,12.9,31.4,44.3,21.5,15.4,8.2,5.8,4.9,22.5,0.2,94.8,6.4,1998-99,101.4,102.8,94.9,96.2,6.6,6.6,0.614,1.39,16.6,0.345,0.687,0.519,0.167,0.473,0.521,92.1,90.81,75.67,4613,0.556
1610612758,Sacramento Kings,50,27,23,0.54,48.8,38.4,86.1,0.445,5.8,18.9,0.308,17.7,25.9,0.683,14.1,31.5,45.6,22.6,16.8,8.9,4.6,4.4,20.3,0.2,100.2,-0.4,1998-99,99.9,101.2,100.0,101.6,-0.1,-0.4,0.589,1.34,16.4,0.328,0.654,0.493,0.17,0.479,0.514,98.8,97.36,81.13,4948,0.494
1610612759,San Antonio Spurs,50,37,13,0.74,48.3,34.8,76.2,0.456,3.4,10.4,0.33,19.8,28.3,0.698,12.3,31.7,44.0,22.0,15.2,8.4,7.0,4.9,20.2,0.1,92.8,8.1,1998-99,101.3,102.7,92.1,93.6,9.2,9.1,0.633,1.45,17.4,0.329,0.674,0.512,0.168,0.479,0.523,91.2,89.88,74.9,4517,0.582
1610612760,Seattle SuperSonics,50,25,25,0.5,48.4,35.1,79.5,0.442,6.2,18.0,0.344,18.4,27.1,0.681,13.5,28.4,42.0,21.7,15.3,7.9,4.0,4.5,20.9,0.2,94.9,-1.1,1998-99,101.8,103.2,103.3,104.2,-1.6,-0.9,0.619,1.42,16.7,0.344,0.673,0.506,0.167,0.481,0.519,92.3,91.22,76.02,4594,0.49
1610612761,Toronto Raptors,50,23,27,0.46,48.3,33.2,78.8,0.421,4.5,13.2,0.341,20.2,26.6,0.76,14.2,28.9,43.2,20.7,16.0,8.8,6.4,5.2,22.8,0.2,91.1,-1.6,1998-99,98.8,99.8,100.5,101.8,-1.7,-1.9,0.624,1.3,16.1,0.359,0.675,0.515,0.175,0.45,0.504,91.7,90.67,75.56,4565,0.489
1610612762,Utah Jazz,50,37,13,0.74,48.7,33.7,72.4,0.465,2.8,7.8,0.361,23.2,30.2,0.767,11.1,30.2,41.3,24.1,16.3,8.0,5.5,5.3,22.7,0.1,93.3,6.5,1998-99,102.7,104.2,95.5,96.7,7.2,7.4,0.715,1.48,19.0,0.329,0.677,0.516,0.182,0.485,0.545,89.6,88.37,73.64,4480,0.591
1610612763,Vancouver Grizzlies,50,8,42,0.16,48.7,32.9,76.8,0.428,3.0,9.1,0.327,20.2,28.2,0.717,13.0,27.2,40.2,19.3,17.0,8.4,4.0,6.6,22.5,0.2,88.9,-8.7,1998-99,95.4,97.1,105.1,106.3,-9.6,-9.3,0.586,1.14,15.3,0.342,0.645,0.49,0.185,0.447,0.498,91.6,90.29,75.24,4576,0.427
1610612764,Washington Wizards,50,18,32,0.36,48.2,35.4,79.4,0.445,3.6,11.6,0.309,16.9,24.0,0.705,11.9,28.1,40.0,21.3,14.7,7.9,3.9,4.2,23.0,0.1,91.2,-2.2,1998-99,98.3,99.8,101.0,102.1,-2.7,-2.3,0.602,1.45,16.8,0.308,0.673,0.488,0.161,0.468,0.507,92.2,91.11,75.93,4571,0.476
1610612737,Atlanta Hawks,82,28,54,0.341,48.4,36.6,83.0,0.441,3.1,9.9,0.317,18.0,24.2,0.743,14.0,31.3,45.3,18.9,15.4,6.1,5.6,4.9,21.0,1.6,94.3,-5.4,1999-00,99.2,100.1,104.8,105.8,-5.7,-5.7,0.516,1.22,14.6,0.334,0.698,0.516,0.164,0.46,0.503,94.4,93.55,77.96,7731,0.462
1610612738,Boston Celtics,82,35,47,0.427,48.1,37.2,83.9,0.444,5.1,15.4,0.331,19.8,26.5,0.745,13.5,29.5,43.0,21.2,15.4,9.7,3.5,5.8,27.1,2.3,99.3,-0.8,1999-00,102.0,102.9,103.0,103.9,-1.0,-1.1,0.57,1.38,15.9,0.327,0.705,0.506,0.159,0.474,0.52,97.1,96.19,80.16,7918,0.476
1610612766,Charlotte Hornets,82,49,33,0.598,48.2,35.8,79.7,0.449,4.1,12.2,0.339,22.7,30.0,0.758,10.8,32.1,42.9,24.7,14.7,8.9,5.9,5.1,20.4,2.2,98.4,2.7,1999-00,101.7,102.5,98.9,99.7,2.8,2.8,0.689,1.68,18.4,0.283,0.712,0.501,0.153,0.475,0.53,96.3,95.58,79.65,7876,0.541
1610612741,Chicago Bulls,82,17,65,0.207,48.3,31.3,75.4,0.415,4.1,12.6,0.329,18.1,25.5,0.709,12.6,28.3,40.9,20.0,19.0,7.9,4.7,5.6,23.3,2.6,84.8,-9.4,1999-00,91.2,92.8,102.3,102.8,-11.1,-10.0,0.638,1.05,15.8,0.331,0.676,0.499,0.208,0.443,0.49,92.0,90.93,75.78,7492,0.417
1610612739,Cleveland Cavaliers,82,32,50,0.39,48.4,36.3,82.1,0.442,4.2,11.2,0.373,20.2,26.9,0.75,12.3,30.5,42.8,23.7,17.4,8.7,4.4,6.1,27.1,3.0,97.0,-3.5,1999-00,97.9,98.7,100.9,102.2,-3.0,-3.5,0.652,1.36,17.3,0.308,0.685,0.496,0.177,0.468,0.516,98.4,97.36,81.13,8051,0.475
1610612742,Dallas Mavericks,82,40,42,0.488,48.1,39.0,85.9,0.453,6.3,16.2,0.391,17.2,21.4,0.804,11.4,29.8,41.2,22.1,13.7,7.2,5.1,5.1,21.6,3.8,101.4,-0.6,1999-00,103.8,104.7,104.5,105.2,-0.7,-0.5,0.567,1.61,16.7,0.281,0.647,0.466,0.142,0.49,0.532,97.4,96.64,80.54,7941,0.493
1610612743,Denver Nuggets,82,35,47,0.427,48.4,37.3,84.3,0.442,5.7,17.0,0.336,18.7,25.8,0.724,13.1,31.6,44.7,23.3,15.6,6.8,7.5,5.6,23.9,2.5,99.0,-2.1,1999-00,100.8,102.2,102.8,104.5,-2.0,-2.3,0.625,1.49,17.2,0.321,0.688,0.504,0.161,0.476,0.517,97.4,95.95,79.96,7944,0.483
1610612765,Detroit Pistons,82,42,40,0.512,48.4,37.1,80.9,0.459,5.4,14.9,0.359,23.9,30.6,0.781,11.2,30.0,41.2,20.8,15.7,8.1,3.3,4.8,24.5,3.5,103.5,1.4,1999-00,104.6,105.2,103.1,103.8,1.6,1.4,0.561,1.33,15.7,0.295,0.694,0.495,0.16,0.492,0.548,98.2,97.56,81.3,8063,0.506
1610612744,Golden State Warriors,82,19,63,0.232,48.2,36.5,87.1,0.42,4.2,13.0,0.323,18.3,26.2,0.697,15.9,29.7,45.6,22.6,15.9,8.9,4.3,6.0,24.9,2.0,95.5,-8.3,1999-00,96.9,98.0,105.8,106.5,-8.9,-8.4,0.618,1.42,16.3,0.346,0.673,0.499,0.163,0.444,0.484,98.0,97.11,80.92,7991,0.431
1610612745,Houston Rockets,82,34,48,0.415,48.4,36.6,81.3,0.45,7.1,19.8,0.358,19.2,26.2,0.733,12.3,31.5,43.8,21.6,17.4,7.5,5.3,5.3,20.3,1.8,99.5,-0.9,1999-00,101.6,103.3,103.1,104.2,-1.5,-0.8,0.591,1.24,16.3,0.321,0.691,0.508,0.181,0.494,0.536,96.8,95.54,79.62,7892,0.49
1610612754,Indiana Pacers,82,56,26,0.683,48.1,37.2,81.0,0.459,7.1,18.1,0.392,19.9,24.5,0.811,10.3,31.9,42.1,22.6,14.1,6.8,5.1,3.9,21.8,2.3,101.3,4.6,1999-00,105.9,106.8,100.8,101.7,5.2,5.1,0.609,1.6,17.5,0.276,0.691,0.492,0.149,0.503,0.552,95.6,94.7,78.92,7777,0.534
1610612746,Los Angeles Clippers,82,15,67,0.183,48.1,35.1,82.4,0.426,5.2,15.5,0.339,16.6,22.3,0.746,11.6,29.0,40.6,18.0,16.2,7.0,6.0,4.6,22.2,2.0,92.0,-11.5,1999-00,95.2,96.1,107.3,108.0,-12.2,-11.9,0.514,1.12,14.2,0.286,0.674,0.474,0.169,0.458,0.499,96.5,95.69,79.74,7849,0.411
1610612747,Los Angeles Lakers,82,67,15,0.817,48.3,38.3,83.4,0.459,4.2,12.8,0.329,20.1,28.9,0.696,13.6,33.4,47.0,23.4,13.9,7.5,6.5,4.2,22.5,2.5,100.8,8.5,1999-00,104.6,105.4,95.6,96.4,9.0,9.0,0.612,1.68,17.4,0.324,0.705,0.518,0.146,0.484,0.525,95.8,95.04,79.2,7840,0.573
1610612748,Miami Heat,82,52,30,0.634,48.4,36.3,78.8,0.46,5.4,14.7,0.371,16.4,22.3,0.736,11.2,31.9,43.2,23.5,15.0,7.1,6.4,4.4,23.7,2.1,94.4,3.1,1999-00,102.2,102.5,97.7,99.4,4.5,3.1,0.649,1.57,18.3,0.304,0.696,0.508,0.163,0.495,0.533,92.2,91.22,76.02,7548,0.543
1610612749,Milwaukee Bucks,82,42,40,0.512,48.4,38.7,83.3,0.465,4.8,13.0,0.369,19.0,24.2,0.786,12.4,28.9,41.3,22.6,15.0,8.2,4.6,4.1,24.6,2.2,101.2,0.2,1999-00,104.9,106.5,104.9,106.2,0.0,0.3,0.583,1.51,17.1,0.327,0.667,0.497,0.158,0.494,0.539,95.5,94.27,78.56,7796,0.498
1610612750,Minnesota Timberwolves,82,50,32,0.61,48.5,39.3,84.3,0.467,3.0,8.7,0.346,16.8,21.6,0.78,12.4,30.1,42.5,26.9,13.9,7.6,5.4,4.2,23.3,2.3,98.5,2.5,1999-00,103.4,104.2,100.2,101.7,3.2,2.5,0.684,1.94,19.8,0.318,0.696,0.507,0.147,0.485,0.525,94.4,93.37,77.81,7751,0.531
1610612751,New Jersey Nets,82,31,51,0.378,48.4,36.3,83.9,0.433,5.8,16.8,0.347,19.5,24.9,0.784,12.7,28.2,40.9,20.6,13.6,8.8,4.8,5.7,23.3,2.4,98.0,-1.0,1999-00,102.3,102.8,103.3,103.9,-1.0,-1.1,0.567,1.51,15.8,0.298,0.657,0.472,0.143,0.468,0.517,95.1,94.63,78.86,7820,0.479
1610612752,New York Knicks,82,50,32,0.61,48.4,35.3,77.7,0.455,4.3,11.4,0.375,17.2,22.0,0.781,9.8,30.7,40.5,19.4,14.6,6.3,4.3,4.3,24.2,2.8,92.1,1.5,1999-00,99.8,100.9,98.1,99.5,1.7,1.5,0.548,1.32,15.8,0.277,0.699,0.496,0.16,0.482,0.527,91.7,90.54,75.45,7485,0.507
1610612753,Orlando Magic,82,41,41,0.5,48.2,38.6,85.5,0.452,3.6,10.6,0.338,19.2,26.1,0.735,14.0,31.0,44.9,20.8,17.6,9.1,5.7,5.8,24.0,2.8,100.1,0.7,1999-00,99.4,101.1,98.9,100.3,0.5,0.8,0.539,1.18,15.3,0.344,0.669,0.506,0.178,0.473,0.516,100.2,98.68,82.23,8120,0.497
1610612755,Philadelphia 76ers,82,49,33,0.598,48.4,36.5,82.6,0.442,2.5,7.8,0.323,19.2,27.1,0.708,14.0,30.1,44.1,22.2,15.7,9.6,4.7,6.5,23.6,2.5,94.8,1.3,1999-00,98.5,99.9,97.5,98.3,0.9,1.5,0.607,1.42,16.6,0.335,0.68,0.504,0.165,0.457,0.501,95.3,94.25,78.54,7782,0.508
1610612756,Phoenix Suns,82,53,29,0.646,48.3,37.7,82.6,0.457,5.6,15.2,0.368,17.9,23.6,0.759,12.5,31.2,43.7,25.6,16.7,9.1,5.3,5.2,24.1,2.7,98.9,5.2,1999-00,101.8,102.7,96.2,97.3,5.6,5.4,0.678,1.53,18.8,0.316,0.676,0.5,0.173,0.491,0.532,96.7,95.67,79.73,7895,0.542
1610612757,Portland Trail Blazers,82,59,23,0.72,48.2,36.8,78.4,0.47,5.0,13.8,0.361,18.8,24.7,0.76,11.8,31.2,43.0,23.5,15.2,7.7,4.8,4.3,22.7,1.7,97.5,6.4,1999-00,105.1,106.5,97.7,99.5,7.4,6.9,0.637,1.55,18.2,0.335,0.693,0.523,0.166,0.501,0.546,92.4,91.03,75.86,7505,0.559
1610612758,Sacramento Kings,82,44,38,0.537,48.3,40.0,88.9,0.45,6.5,20.2,0.322,18.5,24.6,0.754,12.9,32.1,45.0,23.8,16.2,9.6,4.6,4.9,21.1,2.6,105.0,2.9,1999-00,101.9,103.6,99.9,100.7,2.0,2.9,0.596,1.47,17.0,0.308,0.679,0.493,0.16,0.486,0.526,101.9,100.66,83.88,8306,0.513
1610612759,San Antonio Spurs,82,53,29,0.646,48.4,36.0,78.0,0.462,4.0,10.8,0.374,20.1,27.0,0.746,11.3,32.5,43.8,22.2,15.0,7.5,6.7,5.2,20.9,2.0,96.2,5.9,1999-00,102.8,103.5,95.7,97.1,7.1,6.4,0.616,1.48,17.3,0.301,0.703,0.512,0.162,0.488,0.535,93.1,92.11,76.76,7620,0.556
1610612760,Seattle SuperSonics,82,45,37,0.549,48.2,37.9,84.7,0.447,6.7,19.6,0.339,16.6,23.9,0.695,12.7,30.3,43.0,22.9,14.0,8.0,4.2,5.3,21.7,2.2,99.1,1.0,1999-00,102.6,104.0,101.8,103.1,0.8,1.0,0.604,1.63,17.2,0.312,0.673,0.491,0.148,0.487,0.52,96.0,94.74,78.95,7809,0.496
1610612761,Toronto Raptors,82,45,37,0.549,48.2,36.3,83.9,0.433,5.2,14.3,0.363,19.3,25.2,0.765,13.4,29.9,43.3,23.7,13.9,8.1,6.6,5.3,24.3,2.0,97.2,-0.2,1999-00,101.8,102.7,101.7,102.8,0.0,-0.1,0.653,1.71,17.7,0.324,0.686,0.499,0.147,0.464,0.511,95.2,94.3,78.58,7760,0.5
1610612762,Utah Jazz,82,55,27,0.671,48.2,36.1,77.8,0.464,4.0,10.4,0.385,20.3,26.2,0.773,11.4,29.6,41.0,24.9,14.9,7.7,5.4,5.0,24.5,2.8,96.5,4.5,1999-00,104.0,105.7,99.8,101.1,4.2,4.6,0.689,1.67,19.1,0.329,0.698,0.516,0.163,0.49,0.54,92.2,90.84,75.7,7488,0.551
1610612763,Vancouver Grizzlies,82,22,60,0.268,48.4,35.3,78.5,0.449,4.0,11.0,0.361,19.4,25.1,0.774,12.3,28.3,40.6,20.7,16.8,7.4,4.2,6.3,22.9,2.4,93.9,-5.6,1999-00,99.7,100.7,105.3,106.7,-5.6,-6.0,0.588,1.23,16.2,0.326,0.679,0.501,0.181,0.474,0.524,93.5,92.46,77.05,7647,0.457
1610612764,Washington Wizards,82,29,53,0.354,48.3,36.7,81.5,0.451,4.1,10.9,0.376,19.1,25.7,0.743,13.0,29.7,42.7,21.6,16.1,7.2,4.7,6.1,26.2,2.7,96.6,-3.3,1999-00,100.7,101.8,104.1,105.2,-3.4,-3.4,0.588,1.34,16.4,0.329,0.686,0.506,0.17,0.476,0.521,95.3,94.33,78.61,7781,0.471
1610612737,Atlanta Hawks,82,25,57,0.305,48.1,35.1,81.3,0.431,4.1,11.4,0.357,16.8,22.1,0.759,12.5,30.4,42.9,19.0,16.7,7.7,4.7,6.3,22.7,0.1,91.0,-5.2,2000-01,95.6,96.9,101.9,102.4,-6.3,-5.5,0.542,1.14,14.9,0.313,0.691,0.501,0.178,0.456,0.5,94.5,93.63,78.02,7695,0.452
1610612738,Boston Celtics,82,36,46,0.439,48.4,33.8,79.1,0.428,7.2,19.9,0.363,19.8,26.7,0.74,10.9,28.9,39.8,20.8,15.7,9.4,4.1,5.4,23.8,0.0,94.6,-2.1,2000-01,99.0,100.1,100.9,102.3,-1.9,-2.2,0.616,1.33,16.2,0.28,0.69,0.478,0.166,0.473,0.521,95.0,93.81,78.17,7748,0.468
1610612766,Charlotte Hornets,82,46,36,0.561,48.5,34.1,79.3,0.431,4.1,12.0,0.346,19.5,26.2,0.745,12.6,31.8,44.4,23.2,14.4,8.1,5.5,4.6,21.4,0.1,91.9,2.1,2000-01,99.3,99.7,96.3,97.6,3.0,2.1,0.679,1.61,17.8,0.315,0.71,0.513,0.156,0.457,0.506,92.0,91.24,76.04,7565,0.527
1610612741,Chicago Bulls,82,15,67,0.183,48.4,33.2,78.2,0.424,4.0,11.6,0.346,17.2,23.3,0.739,11.3,27.6,38.9,22.1,15.8,8.2,4.6,5.2,23.2,0.0,87.6,-9.1,2000-01,94.3,95.9,104.9,105.9,-10.6,-10.0,0.665,1.4,17.4,0.302,0.673,0.48,0.173,0.45,0.495,91.7,90.47,75.39,7486,0.432
1610612739,Cleveland Cavaliers,82,30,52,0.366,48.4,35.2,79.7,0.442,2.7,8.0,0.334,19.0,24.9,0.765,12.4,29.8,42.1,20.8,16.5,7.8,5.3,6.6,23.2,0.1,92.2,-4.2,2000-01,97.4,99.3,102.0,103.5,-4.6,-4.2,0.591,1.27,16.2,0.331,0.678,0.505,0.177,0.459,0.509,93.9,92.32,76.94,7613,0.469
1610612742,Dallas Mavericks,82,53,29,0.646,48.3,37.6,81.9,0.459,6.3,16.5,0.381,18.9,23.8,0.794,10.1,31.4,41.5,21.2,13.9,7.5,6.0,4.6,23.3,0.1,100.5,4.3,2000-01,104.5,105.6,100.1,101.2,4.4,4.4,0.564,1.52,16.5,0.272,0.678,0.481,0.146,0.498,0.544,95.5,94.52,78.76,7803,0.523
1610612743,Denver Nuggets,82,40,42,0.488,48.2,36.3,83.9,0.433,6.2,17.6,0.355,17.7,24.0,0.737,12.7,31.5,44.2,24.0,13.9,6.7,6.6,6.1,22.2,0.0,96.6,-2.5,2000-01,101.1,102.2,103.1,104.9,-2.0,-2.8,0.661,1.73,18.0,0.306,0.69,0.497,0.147,0.47,0.511,95.3,93.98,78.32,7751,0.48
1610612765,Detroit Pistons,82,32,50,0.39,48.4,35.6,83.9,0.424,4.7,13.6,0.35,19.6,27.2,0.721,13.5,32.0,45.5,19.9,15.9,7.5,5.5,4.8,23.8,0.1,95.6,-1.7,2000-01,97.3,98.5,98.9,100.3,-1.6,-1.8,0.558,1.25,14.9,0.325,0.691,0.505,0.164,0.453,0.498,97.5,96.15,80.13,7955,0.48
1610612744,Golden State Warriors,82,17,65,0.207,48.2,35.8,87.5,0.409,3.4,11.8,0.293,17.4,24.7,0.706,16.4,29.1,45.5,21.8,15.9,9.0,5.0,6.0,21.1,0.1,92.5,-9.0,2000-01,94.5,96.3,104.9,105.5,-10.4,-9.2,0.609,1.37,15.9,0.357,0.68,0.504,0.165,0.429,0.47,96.8,95.7,79.75,7879,0.427
1610612745,Houston Rockets,82,45,37,0.549,48.4,35.9,79.2,0.453,6.1,17.2,0.357,19.3,25.4,0.758,11.2,30.8,42.0,19.7,14.7,7.2,4.4,4.9,20.2,0.0,97.2,2.3,2000-01,103.6,105.2,101.7,102.8,1.9,2.4,0.548,1.34,15.7,0.305,0.691,0.502,0.159,0.492,0.538,92.9,91.66,76.38,7575,0.509
1610612754,Indiana Pacers,82,41,41,0.5,48.7,34.5,78.4,0.44,4.8,14.1,0.342,18.8,24.5,0.766,11.2,31.6,42.9,21.5,15.2,6.9,5.9,4.7,23.5,0.1,92.6,-0.2,2000-01,99.4,100.3,99.2,100.5,0.2,-0.2,0.623,1.42,16.9,0.297,0.685,0.497,0.164,0.471,0.519,91.9,90.89,75.75,7566,0.51
1610612746,Los Angeles Clippers,82,31,51,0.378,48.9,35.3,78.9,0.448,4.4,13.0,0.339,17.4,25.1,0.693,11.7,31.2,42.9,19.3,15.8,6.0,6.3,5.0,21.6,0.0,92.5,-2.9,2000-01,98.4,100.3,101.8,103.2,-3.5,-2.9,0.547,1.23,15.3,0.322,0.682,0.506,0.171,0.476,0.514,92.1,90.67,75.56,7559,0.476
1610612747,Los Angeles Lakers,82,56,26,0.683,48.5,37.9,81.5,0.465,5.4,15.5,0.344,19.4,28.5,0.683,13.2,31.5,44.7,23.0,14.4,6.9,6.0,4.0,22.8,0.1,100.6,3.4,2000-01,105.6,107.0,101.7,103.6,3.9,3.5,0.607,1.59,17.4,0.338,0.691,0.517,0.154,0.498,0.535,94.3,92.9,77.42,7710,0.532
1610612748,Miami Heat,82,50,32,0.61,48.5,32.9,76.3,0.43,5.8,16.9,0.345,17.4,22.9,0.759,9.9,29.7,39.6,19.9,13.7,7.7,3.7,5.2,21.0,0.1,88.9,2.3,2000-01,98.6,99.4,95.7,97.1,2.9,2.3,0.605,1.45,16.4,0.28,0.7,0.49,0.153,0.469,0.515,89.4,88.39,73.66,7331,0.523
1610612749,Milwaukee Bucks,82,52,30,0.634,48.2,38.0,82.9,0.458,6.9,18.1,0.379,18.0,22.9,0.787,11.9,30.5,42.4,22.5,13.7,8.2,4.7,4.3,23.5,0.1,100.7,3.9,2000-01,106.3,106.8,101.2,102.6,5.1,4.2,0.593,1.64,17.2,0.301,0.683,0.494,0.145,0.499,0.542,94.7,93.89,78.24,7733,0.519
1610612750,Minnesota Timberwolves,82,47,35,0.573,48.4,38.4,83.8,0.458,3.9,11.0,0.357,16.6,21.2,0.785,12.2,30.1,42.3,25.4,13.9,8.3,5.6,4.4,23.2,0.1,97.3,1.4,2000-01,102.7,103.9,100.7,102.4,2.1,1.6,0.662,1.83,19.0,0.315,0.682,0.498,0.148,0.482,0.523,94.3,92.99,77.49,7679,0.518
1610612751,New Jersey Nets,82,26,56,0.317,48.1,33.9,79.9,0.425,4.4,13.2,0.333,19.9,26.2,0.759,11.1,28.5,39.6,19.5,14.7,7.9,5.0,6.4,24.2,0.0,92.1,-5.0,2000-01,96.9,98.4,103.0,103.8,-6.1,-5.4,0.576,1.33,15.4,0.292,0.673,0.477,0.157,0.452,0.504,94.5,93.35,77.79,7674,0.446
1610612752,New York Knicks,82,48,34,0.585,48.5,33.6,75.6,0.444,4.8,13.6,0.351,16.8,21.1,0.796,9.4,30.8,40.2,18.5,14.5,6.6,4.2,4.1,22.7,0.1,88.7,2.6,2000-01,98.7,100.0,95.5,97.0,3.1,3.0,0.552,1.28,15.6,0.276,0.707,0.498,0.163,0.476,0.523,89.0,87.74,73.12,7276,0.52
1610612753,Orlando Magic,82,43,39,0.524,48.7,36.7,83.8,0.438,6.0,16.4,0.364,18.0,25.2,0.714,13.0,29.9,42.9,22.0,15.2,8.2,5.9,5.4,25.3,0.1,97.5,1.0,2000-01,100.4,102.1,99.2,101.1,1.2,1.0,0.598,1.45,16.6,0.321,0.662,0.489,0.159,0.474,0.513,95.8,94.14,78.45,7828,0.495
1610612755,Philadelphia 76ers,82,56,26,0.683,48.4,35.4,79.1,0.447,3.2,9.8,0.326,20.7,27.8,0.745,13.1,31.7,44.8,20.6,15.8,8.4,5.0,5.6,20.4,0.0,94.7,4.3,2000-01,100.7,101.9,96.2,97.3,4.5,4.6,0.583,1.31,16.0,0.334,0.704,0.523,0.17,0.468,0.518,93.2,92.09,76.74,7619,0.536
1610612756,Phoenix Suns,82,51,31,0.622,48.3,35.9,82.4,0.436,4.0,12.9,0.315,18.2,24.1,0.755,11.8,30.8,42.7,23.2,15.3,9.5,5.2,5.1,22.7,0.1,94.0,2.2,2000-01,97.5,98.9,95.4,96.7,2.1,2.3,0.647,1.52,17.5,0.305,0.702,0.5,0.161,0.46,0.506,95.7,94.41,78.67,7792,0.521
1610612757,Portland Trail Blazers,82,50,32,0.61,48.2,36.6,78.3,0.468,4.5,12.9,0.349,17.6,23.2,0.762,11.7,30.3,42.0,23.9,15.3,8.2,5.1,4.0,21.3,0.1,95.4,4.2,2000-01,103.6,104.7,99.0,100.5,4.6,4.2,0.653,1.56,18.6,0.333,0.7,0.522,0.168,0.497,0.539,91.7,90.53,75.44,7475,0.544
1610612758,Sacramento Kings,82,55,27,0.671,49.0,38.2,85.0,0.449,5.8,16.5,0.354,19.5,25.3,0.771,12.0,33.0,45.0,22.6,14.9,9.7,5.3,5.8,19.5,0.0,101.7,5.8,2000-01,102.8,104.2,97.0,98.5,5.8,5.7,0.591,1.52,16.8,0.307,0.679,0.497,0.152,0.484,0.529,97.0,95.61,79.67,8010,0.54
1610612759,San Antonio Spurs,82,58,24,0.707,48.4,35.2,76.4,0.461,5.4,13.3,0.407,20.4,28.5,0.715,11.0,33.1,44.1,21.7,14.0,6.9,7.0,5.2,18.9,0.0,96.2,7.8,2000-01,104.7,105.0,94.9,96.6,9.8,8.3,0.617,1.55,17.2,0.297,0.703,0.511,0.152,0.496,0.541,91.8,90.87,75.73,7514,0.573
1610612760,Seattle SuperSonics,82,44,38,0.537,48.3,36.9,81.1,0.456,5.7,14.3,0.399,17.7,24.2,0.732,12.2,29.5,41.7,21.9,15.3,8.0,5.0,6.2,21.1,0.1,97.3,0.0,2000-01,102.6,104.4,102.7,104.2,-0.1,0.2,0.592,1.43,16.9,0.321,0.668,0.496,0.164,0.491,0.53,94.2,92.69,77.24,7643,0.494
1610612761,Toronto Raptors,82,47,35,0.573,48.7,37.2,85.0,0.437,5.2,14.2,0.369,18.1,24.2,0.747,13.6,30.8,44.5,24.4,13.2,7.3,6.3,5.4,21.3,0.1,97.6,2.3,2000-01,102.6,104.4,100.5,102.0,2.1,2.3,0.657,1.86,18.2,0.339,0.7,0.515,0.141,0.468,0.51,93.8,92.22,76.85,7671,0.522
1610612762,Utah Jazz,82,53,29,0.646,48.2,36.1,76.7,0.471,4.0,10.4,0.381,20.9,27.8,0.752,11.5,29.1,40.6,25.7,15.8,8.1,5.6,5.5,25.7,0.1,97.1,4.7,2000-01,104.1,106.1,100.0,100.9,4.1,5.2,0.713,1.63,19.6,0.332,0.701,0.519,0.173,0.497,0.546,92.3,91.08,75.9,7503,0.548
1610612763,Vancouver Grizzlies,82,23,59,0.28,48.2,35.0,79.7,0.439,4.0,11.5,0.343,17.8,23.1,0.77,10.9,29.6,40.5,23.2,15.7,7.1,4.4,5.8,21.1,0.1,91.7,-5.7,2000-01,96.8,98.2,103.2,104.2,-6.3,-6.0,0.662,1.47,17.9,0.293,0.675,0.484,0.168,0.464,0.51,94.1,93.03,77.53,7662,0.465
1610612764,Washington Wizards,82,19,63,0.232,48.0,34.5,78.7,0.439,3.4,10.3,0.324,20.8,27.4,0.759,12.4,28.9,41.3,20.1,17.0,7.7,4.7,6.2,23.3,0.1,93.2,-6.7,2000-01,97.8,99.4,104.8,106.2,-7.0,-6.8,0.581,1.18,15.6,0.328,0.684,0.502,0.181,0.46,0.514,95.3,93.97,78.3,7695,0.453
1610612737,Atlanta Hawks,82,33,49,0.402,48.2,35.4,80.6,0.439,5.2,14.6,0.354,18.1,23.7,0.765,11.6,29.8,41.5,20.2,15.5,8.1,4.3,6.2,20.8,0.1,94.0,-4.2,2001-02,99.1,100.4,103.7,104.8,-4.6,-4.4,0.57,1.3,15.8,0.297,0.689,0.491,0.166,0.471,0.517,94.4,93.21,77.67,7678,0.465
1610612738,Boston Celtics,82,49,33,0.598,48.4,34.8,82.1,0.424,8.5,23.7,0.359,18.3,23.9,0.764,10.9,31.3,42.2,21.0,13.6,9.7,3.6,5.8,21.7,0.0,96.4,2.2,2001-02,101.1,102.1,98.0,99.9,3.1,2.2,0.604,1.55,16.4,0.272,0.695,0.481,0.144,0.476,0.52,95.0,93.6,78.0,7738,0.5
1610612766,Charlotte Hornets,82,44,38,0.537,48.2,35.3,80.2,0.44,4.2,12.1,0.348,19.1,25.7,0.745,12.9,30.5,43.5,21.5,14.0,8.0,5.6,5.1,21.3,0.2,93.9,1.0,2001-02,101.4,102.9,100.0,101.8,1.4,1.2,0.608,1.53,16.7,0.333,0.689,0.511,0.154,0.466,0.513,92.5,90.93,75.77,7480,0.513
1610612741,Chicago Bulls,82,21,61,0.256,48.3,34.3,79.2,0.433,3.7,10.6,0.346,17.2,23.9,0.722,11.3,28.8,40.0,22.2,15.3,7.7,4.4,4.9,22.4,0.2,89.5,-8.5,2001-02,95.5,97.2,104.8,106.2,-9.3,-9.1,0.646,1.45,17.3,0.298,0.685,0.487,0.166,0.456,0.499,93.0,91.56,76.3,7549,0.436
1610612739,Cleveland Cavaliers,82,29,53,0.354,48.4,36.0,80.3,0.448,4.7,12.5,0.377,18.6,24.1,0.772,11.8,30.3,42.1,23.1,14.6,7.0,5.7,5.6,21.4,0.1,95.3,-3.3,2001-02,101.7,103.4,105.0,107.0,-3.3,-3.6,0.641,1.58,17.8,0.319,0.69,0.505,0.158,0.477,0.524,93.0,91.31,76.09,7553,0.482
1610612742,Dallas Mavericks,82,57,25,0.695,48.5,39.0,84.5,0.462,7.6,20.1,0.378,19.6,24.3,0.806,11.2,31.3,42.5,22.1,12.1,7.1,4.8,4.6,22.5,0.1,105.2,4.3,2001-02,109.5,110.3,104.8,106.0,4.7,4.3,0.566,1.83,16.9,0.285,0.683,0.487,0.127,0.507,0.553,95.3,94.36,78.63,7823,0.517
1610612743,Denver Nuggets,82,27,55,0.329,48.3,35.5,83.8,0.424,5.2,15.7,0.329,15.9,21.4,0.744,13.6,28.2,41.8,22.2,14.7,7.5,5.6,6.8,22.8,0.1,92.2,-5.8,2001-02,97.8,100.3,104.9,106.6,-7.1,-6.3,0.623,1.51,17.0,0.341,0.668,0.497,0.16,0.455,0.495,93.3,91.35,76.12,7537,0.442
1610612765,Detroit Pistons,82,50,32,0.61,48.0,34.7,76.8,0.452,6.9,18.4,0.376,18.0,23.8,0.756,9.9,28.9,38.7,21.5,14.5,7.9,6.9,4.1,20.7,0.1,94.3,2.1,2001-02,102.5,103.2,99.3,100.9,3.3,2.3,0.62,1.48,17.3,0.277,0.676,0.481,0.159,0.497,0.54,92.4,91.38,76.15,7495,0.523
1610612744,Golden State Warriors,82,21,61,0.256,48.2,36.6,85.2,0.429,3.9,12.1,0.322,20.6,28.6,0.722,16.3,30.4,46.7,20.8,16.8,7.9,6.4,6.3,23.0,0.2,97.7,-5.4,2001-02,99.3,101.5,105.6,107.1,-6.3,-5.6,0.569,1.24,15.3,0.373,0.669,0.516,0.175,0.452,0.499,97.5,95.75,79.79,7890,0.456
1610612745,Houston Rockets,82,28,54,0.341,48.7,34.6,80.8,0.428,6.0,18.0,0.335,17.1,23.1,0.741,12.5,29.4,41.9,18.1,14.1,6.5,5.4,5.1,18.0,0.1,92.3,-4.9,2001-02,99.7,101.6,105.9,106.9,-6.1,-5.4,0.522,1.28,14.6,0.327,0.675,0.497,0.155,0.465,0.507,90.8,89.56,74.63,7456,0.458
1610612754,Indiana Pacers,82,42,40,0.512,48.5,35.8,80.2,0.446,4.9,14.6,0.339,20.3,26.3,0.772,11.3,31.3,42.7,23.0,15.2,8.0,5.3,5.7,22.9,0.2,96.8,0.3,2001-02,101.2,102.8,101.1,102.4,0.1,0.4,0.642,1.51,17.6,0.302,0.686,0.499,0.162,0.477,0.527,94.5,93.13,77.61,7721,0.51
1610612746,Los Angeles Clippers,82,39,43,0.476,48.3,36.2,81.3,0.445,5.0,14.0,0.356,18.3,24.7,0.739,13.2,30.2,43.4,20.9,14.8,6.2,6.6,5.4,19.8,0.1,95.7,-0.5,2001-02,102.0,104.3,103.2,104.7,-1.2,-0.4,0.577,1.41,16.3,0.349,0.673,0.512,0.161,0.476,0.519,92.9,91.21,76.01,7524,0.495
1610612747,Los Angeles Lakers,82,58,24,0.707,48.2,38.4,83.4,0.461,6.2,17.5,0.354,18.2,26.1,0.699,12.5,31.8,44.3,23.0,12.7,7.6,5.8,4.3,22.2,0.1,101.3,7.1,2001-02,106.5,108.0,98.7,100.4,7.8,7.6,0.597,1.81,17.5,0.311,0.686,0.501,0.135,0.498,0.534,94.8,93.32,77.77,7691,0.549
1610612763,Memphis Grizzlies,82,23,59,0.28,48.2,34.8,79.7,0.436,4.1,13.4,0.307,16.3,23.0,0.708,12.0,29.4,41.4,21.8,16.4,7.9,6.0,5.6,19.2,0.1,89.9,-7.4,2001-02,95.4,96.6,103.8,104.7,-8.4,-8.0,0.626,1.33,16.9,0.305,0.663,0.483,0.176,0.462,0.501,93.5,92.55,77.12,7629,0.456
1610612748,Miami Heat,82,36,46,0.439,48.6,34.2,77.8,0.439,3.8,11.0,0.347,15.1,20.8,0.724,11.0,31.0,42.0,20.3,14.8,6.7,5.5,4.3,22.5,0.2,87.2,-1.5,2001-02,96.0,97.3,97.6,99.0,-1.6,-1.7,0.594,1.37,16.5,0.297,0.71,0.505,0.166,0.463,0.501,89.7,88.47,73.72,7346,0.501
1610612749,Milwaukee Bucks,82,41,41,0.5,48.5,37.1,80.2,0.462,7.2,19.3,0.375,16.1,21.5,0.748,10.3,31.2,41.4,22.5,14.1,7.3,4.7,4.4,21.8,0.1,97.5,-0.2,2001-02,104.2,105.3,103.9,105.6,0.4,-0.3,0.607,1.6,17.7,0.287,0.679,0.491,0.152,0.507,0.544,92.8,91.51,76.26,7591,0.502
1610612750,Minnesota Timberwolves,82,50,32,0.61,48.3,38.7,84.0,0.461,4.8,12.8,0.378,17.1,21.4,0.798,12.9,31.2,44.2,24.3,13.4,6.4,5.2,5.0,21.2,0.1,99.3,3.4,2001-02,105.8,107.5,102.2,104.1,3.6,3.4,0.628,1.82,18.4,0.343,0.703,0.524,0.145,0.49,0.532,93.3,91.72,76.43,7578,0.529
1610612751,New Jersey Nets,82,52,30,0.634,48.4,37.1,83.1,0.446,4.9,14.6,0.338,17.1,23.3,0.735,12.7,30.7,43.3,24.3,14.5,8.7,6.0,5.4,21.1,0.1,96.2,4.2,2001-02,101.1,102.4,96.6,98.1,4.5,4.3,0.654,1.67,18.2,0.322,0.683,0.503,0.154,0.476,0.515,94.5,93.2,77.67,7707,0.537
1610612752,New York Knicks,82,30,52,0.366,48.3,34.4,79.5,0.432,5.8,16.4,0.353,17.1,21.8,0.787,10.7,30.0,40.7,21.0,14.5,6.8,3.5,4.7,22.0,0.2,91.6,-4.0,2001-02,98.6,100.4,103.0,104.6,-4.4,-4.2,0.611,1.44,16.7,0.292,0.684,0.489,0.159,0.468,0.514,92.3,90.78,75.65,7487,0.466
1610612753,Orlando Magic,82,44,38,0.537,48.4,37.6,84.0,0.448,7.6,20.2,0.373,17.6,23.4,0.754,11.5,29.7,41.2,22.0,13.6,8.1,4.7,4.7,20.7,0.1,100.5,1.6,2001-02,104.1,105.6,102.5,104.1,1.6,1.5,0.584,1.61,16.8,0.292,0.665,0.477,0.143,0.493,0.533,95.8,94.4,78.67,7805,0.497
1610612755,Philadelphia 76ers,82,43,39,0.524,48.1,34.2,78.5,0.436,2.6,8.7,0.299,20.0,25.7,0.779,13.3,30.9,44.2,20.0,15.3,8.6,4.4,5.6,20.1,0.2,91.0,1.6,2001-02,99.1,100.5,97.5,98.7,1.6,1.8,0.584,1.3,15.8,0.341,0.702,0.523,0.169,0.452,0.507,91.5,90.32,75.27,7424,0.52
1610612756,Phoenix Suns,82,36,46,0.439,48.4,37.8,84.6,0.447,4.4,13.4,0.327,15.2,19.9,0.767,13.1,29.6,42.7,22.4,14.7,8.1,4.9,5.8,21.8,0.1,95.1,-0.7,2001-02,100.2,101.8,101.0,102.6,-0.7,-0.7,0.593,1.53,17.1,0.327,0.672,0.498,0.157,0.472,0.51,94.2,92.74,77.28,7663,0.486
1610612757,Portland Trail Blazers,82,49,33,0.598,48.4,36.6,81.4,0.45,5.7,16.1,0.354,17.7,23.2,0.763,13.2,29.8,43.0,23.5,14.3,8.6,4.5,5.0,19.7,0.1,96.6,3.0,2001-02,104.4,105.9,101.0,102.6,3.4,3.3,0.641,1.64,18.0,0.345,0.703,0.522,0.157,0.485,0.528,92.0,90.55,75.46,7482,0.518
1610612758,Sacramento Kings,82,61,21,0.744,48.2,39.8,85.4,0.467,5.2,14.1,0.367,19.7,26.3,0.751,12.4,33.0,45.3,23.9,13.8,9.0,4.6,4.7,19.0,0.1,104.6,7.6,2001-02,106.4,107.9,98.6,99.7,7.7,8.1,0.6,1.74,17.7,0.306,0.69,0.502,0.142,0.497,0.539,98.0,96.74,80.61,7951,0.552
1610612759,San Antonio Spurs,82,58,24,0.707,48.4,35.5,77.6,0.458,5.3,14.8,0.362,20.3,27.4,0.742,11.1,31.3,42.4,20.0,14.4,7.6,6.5,5.2,19.2,0.1,96.7,6.2,2001-02,104.0,105.4,96.5,98.5,7.5,6.9,0.564,1.39,16.0,0.301,0.685,0.501,0.157,0.492,0.539,92.6,91.06,75.88,7528,0.554
1610612760,Seattle SuperSonics,82,45,37,0.549,48.4,38.2,81.5,0.469,6.0,15.8,0.378,15.4,20.4,0.755,11.8,28.5,40.3,23.5,13.7,8.5,4.4,4.9,21.1,0.1,97.7,3.0,2001-02,105.8,107.3,102.5,104.1,3.4,3.3,0.615,1.71,18.3,0.32,0.656,0.49,0.151,0.505,0.54,91.7,90.35,75.29,7468,0.522
1610612761,Toronto Raptors,82,42,40,0.512,48.2,35.6,82.0,0.434,4.7,13.5,0.349,15.5,20.9,0.739,13.6,28.5,42.1,21.7,14.3,8.4,5.6,4.8,21.6,0.1,91.4,-0.4,2001-02,99.4,101.1,100.0,101.7,-0.6,-0.6,0.609,1.52,16.9,0.343,0.671,0.503,0.158,0.463,0.501,91.6,90.02,75.02,7414,0.496
1610612762,Utah Jazz,82,44,38,0.537,48.4,35.0,77.7,0.45,3.4,10.3,0.333,22.6,29.6,0.763,13.5,28.6,42.2,24.4,16.5,9.1,6.4,6.7,24.0,0.1,96.0,0.9,2001-02,102.4,103.8,101.6,102.9,0.8,0.9,0.697,1.48,18.4,0.362,0.683,0.521,0.178,0.472,0.529,93.0,91.75,76.46,7582,0.53
1610612764,Washington Wizards,82,37,45,0.451,48.1,35.8,81.3,0.441,3.7,9.6,0.388,17.4,22.8,0.765,12.9,29.2,42.0,20.9,13.0,7.0,4.3,5.0,21.5,0.1,92.8,-1.4,2001-02,101.5,102.9,103.2,104.5,-1.7,-1.6,0.584,1.61,16.6,0.328,0.685,0.504,0.144,0.464,0.508,91.1,89.93,74.94,7395,0.486
1610612737,Atlanta Hawks,82,35,47,0.427,48.5,34.9,78.5,0.444,4.9,13.9,0.352,19.4,24.5,0.793,11.4,31.2,42.6,20.5,16.7,7.5,5.8,5.0,21.7,0.1,94.1,-3.6,2002-03,99.6,100.4,102.8,104.2,-3.2,-3.8,0.587,1.23,16.0,0.3,0.681,0.499,0.178,0.476,0.527,93.7,92.63,77.19,7683,0.483
1610612738,Boston Celtics,82,44,38,0.537,48.4,32.9,79.4,0.415,8.8,26.3,0.334,18.0,24.3,0.742,10.4,30.1,40.5,19.2,14.0,8.8,3.7,4.5,21.4,0.0,92.7,-0.4,2002-03,98.9,100.0,98.5,100.5,0.4,-0.6,0.583,1.37,15.5,0.266,0.691,0.474,0.151,0.47,0.514,93.4,91.95,76.62,7602,0.48
1610612741,Chicago Bulls,82,30,52,0.366,48.6,36.5,81.9,0.445,4.3,12.2,0.35,17.7,24.6,0.722,12.0,31.0,43.0,21.7,16.9,7.4,5.6,5.0,24.7,0.1,95.0,-5.1,2002-03,97.3,99.1,103.1,104.2,-5.8,-5.1,0.596,1.28,16.5,0.307,0.672,0.492,0.177,0.471,0.512,96.1,94.76,78.96,7857,0.457
1610612739,Cleveland Cavaliers,82,17,65,0.207,48.4,34.8,82.3,0.422,3.6,10.9,0.327,18.3,24.5,0.747,13.6,31.0,44.6,20.9,18.3,7.8,6.4,6.0,22.7,0.1,91.4,-9.6,2002-03,93.5,95.2,103.6,105.1,-10.1,-9.9,0.601,1.14,15.7,0.338,0.697,0.513,0.191,0.444,0.491,96.9,95.32,79.44,7870,0.431
1610612742,Dallas Mavericks,82,60,22,0.732,48.2,38.5,85.1,0.453,7.8,20.3,0.381,18.1,21.9,0.829,11.1,31.0,42.1,22.4,11.6,8.1,5.5,3.9,21.1,0.1,103.0,7.8,2002-03,108.2,109.3,99.4,101.0,8.8,8.3,0.581,1.94,17.3,0.277,0.677,0.478,0.123,0.498,0.543,95.0,93.75,78.12,7726,0.546
1610612743,Denver Nuggets,82,17,65,0.207,48.1,32.8,79.8,0.411,2.8,10.0,0.278,15.8,22.6,0.699,13.6,28.8,42.4,21.2,18.5,8.7,5.1,6.6,25.1,0.1,84.2,-8.3,2002-03,88.9,91.2,99.0,100.1,-10.0,-8.9,0.646,1.15,16.3,0.345,0.697,0.511,0.2,0.428,0.469,93.8,92.11,76.76,7568,0.425
1610612765,Detroit Pistons,82,50,32,0.61,48.5,32.9,76.5,0.43,6.5,18.1,0.358,19.0,24.6,0.771,10.8,29.8,40.6,19.8,13.5,6.8,5.7,4.3,21.3,0.2,91.4,3.7,2002-03,101.4,102.4,97.3,98.2,4.2,4.2,0.6,1.47,16.2,0.294,0.707,0.499,0.151,0.473,0.523,89.1,88.26,73.55,7318,0.525
1610612744,Golden State Warriors,82,38,44,0.463,48.2,37.3,84.6,0.441,5.2,15.1,0.344,22.6,29.0,0.778,15.7,31.0,46.7,20.9,15.8,7.2,6.2,6.0,21.8,0.0,102.4,-1.1,2002-03,105.0,106.4,106.0,107.7,-1.0,-1.3,0.559,1.32,15.4,0.371,0.663,0.518,0.164,0.472,0.526,97.2,95.88,79.9,7897,0.492
1610612745,Houston Rockets,82,43,39,0.524,48.6,34.6,78.8,0.44,5.4,15.5,0.346,19.1,24.9,0.768,12.5,31.3,43.8,18.4,15.6,7.2,6.0,4.6,19.5,0.1,93.8,1.5,2002-03,101.0,102.4,99.9,100.9,1.1,1.5,0.53,1.18,14.7,0.331,0.698,0.518,0.17,0.474,0.522,91.5,90.36,75.3,7508,0.511
1610612754,Indiana Pacers,82,48,34,0.585,48.5,35.5,80.6,0.441,4.6,13.6,0.339,21.2,27.7,0.766,12.2,32.0,44.2,23.3,14.8,8.5,5.4,6.3,22.1,0.1,96.8,3.5,2002-03,101.6,103.2,97.9,99.6,3.7,3.5,0.656,1.58,17.7,0.318,0.694,0.509,0.157,0.469,0.522,94.2,92.71,77.26,7696,0.538
1610612746,Los Angeles Clippers,82,27,55,0.329,48.2,34.6,79.1,0.437,4.8,14.4,0.331,19.9,26.5,0.75,12.3,30.0,42.3,19.6,15.7,7.0,5.6,5.1,21.8,0.0,93.8,-4.1,2002-03,99.5,101.1,103.6,105.1,-4.1,-4.0,0.566,1.24,15.4,0.316,0.673,0.496,0.17,0.467,0.516,94.0,92.68,77.23,7613,0.47
1610612747,Los Angeles Lakers,82,50,32,0.61,48.6,37.7,83.6,0.451,5.9,16.7,0.356,19.0,26.0,0.734,13.1,31.1,44.3,23.3,14.5,7.8,5.7,3.8,22.9,0.1,100.4,2.3,2002-03,104.1,105.6,101.8,103.4,2.3,2.2,0.618,1.6,17.4,0.328,0.693,0.509,0.153,0.486,0.528,95.2,93.78,78.15,7797,0.52
1610612763,Memphis Grizzlies,82,28,54,0.341,48.6,37.2,82.2,0.452,5.7,15.6,0.365,17.4,23.6,0.739,11.5,30.1,41.6,23.1,15.4,7.9,6.1,5.2,20.5,0.0,97.5,-3.2,2002-03,101.0,102.3,104.6,105.9,-3.6,-3.5,0.621,1.5,17.5,0.301,0.659,0.482,0.162,0.487,0.526,95.2,94.03,78.35,7813,0.482
1610612748,Miami Heat,82,25,57,0.305,48.4,32.8,79.5,0.412,4.2,13.4,0.316,15.8,20.6,0.765,11.6,30.0,41.6,18.3,14.2,7.2,4.0,5.3,22.6,0.1,85.6,-5.0,2002-03,93.8,95.4,99.8,101.2,-6.0,-5.8,0.558,1.29,15.0,0.306,0.709,0.501,0.159,0.439,0.483,90.3,88.93,74.11,7353,0.456
1610612749,Milwaukee Bucks,82,42,40,0.512,48.5,37.1,81.3,0.457,7.1,18.6,0.383,18.1,23.3,0.776,10.7,28.9,39.5,22.2,12.7,7.6,4.2,4.1,22.2,0.1,99.5,0.2,2002-03,106.2,107.2,105.3,106.9,1.0,0.3,0.599,1.75,17.4,0.287,0.666,0.477,0.137,0.5,0.543,92.9,91.76,76.46,7607,0.495
1610612750,Minnesota Timberwolves,82,51,31,0.622,48.3,38.7,83.0,0.466,3.6,9.8,0.368,17.1,22.3,0.77,11.7,31.9,43.6,25.2,13.7,6.7,5.3,4.9,20.8,0.0,98.1,2.1,2002-03,103.5,104.8,100.6,102.5,2.9,2.2,0.653,1.84,19.0,0.31,0.695,0.508,0.146,0.488,0.528,94.6,93.08,77.57,7681,0.529
1610612751,New Jersey Nets,82,49,33,0.598,48.2,35.4,80.3,0.441,4.2,12.7,0.332,20.3,26.8,0.757,12.1,30.8,42.9,23.0,14.8,8.7,4.6,5.2,21.6,0.1,95.4,5.2,2002-03,100.6,102.1,95.5,96.6,5.1,5.4,0.649,1.56,17.6,0.317,0.702,0.51,0.158,0.468,0.518,94.2,93.0,77.5,7661,0.544
1610612740,New Orleans Hornets,82,47,35,0.573,48.5,35.5,81.6,0.435,4.9,13.1,0.376,17.9,23.3,0.768,13.4,30.2,43.6,22.0,14.8,8.0,4.8,5.2,21.6,0.1,93.9,2.1,2002-03,100.6,102.4,98.4,100.0,2.3,2.4,0.62,1.49,17.0,0.345,0.697,0.518,0.161,0.465,0.511,92.3,90.72,75.6,7522,0.517
1610612752,New York Knicks,82,37,45,0.451,48.4,36.2,82.0,0.441,7.4,19.3,0.383,16.1,19.8,0.815,10.3,29.0,39.2,22.0,14.0,7.1,3.1,3.8,23.0,0.1,95.9,-1.4,2002-03,101.5,103.3,103.7,104.6,-2.2,-1.3,0.607,1.57,17.2,0.28,0.689,0.48,0.151,0.486,0.528,93.3,92.06,76.72,7611,0.474
1610612753,Orlando Magic,82,42,40,0.512,48.3,35.9,82.5,0.436,6.9,19.4,0.357,19.7,25.4,0.777,11.7,29.2,40.9,20.4,14.4,8.5,3.7,5.0,23.0,0.1,98.5,0.1,2002-03,102.3,103.7,101.9,103.7,0.4,0.0,0.569,1.42,15.8,0.3,0.68,0.485,0.151,0.478,0.526,95.8,94.33,78.61,7788,0.482
1610612755,Philadelphia 76ers,82,48,34,0.585,48.4,36.3,81.0,0.448,3.0,9.6,0.311,21.3,27.5,0.775,12.7,29.5,42.2,21.6,14.8,10.3,3.5,6.4,22.0,0.1,96.8,2.3,2002-03,101.8,103.2,100.0,100.6,1.8,2.6,0.595,1.46,16.5,0.324,0.704,0.509,0.158,0.466,0.52,94.0,93.07,77.56,7694,0.516
1610612756,Phoenix Suns,82,44,38,0.537,48.3,36.6,82.6,0.443,4.8,14.0,0.343,17.4,23.5,0.742,12.8,29.8,42.5,21.0,14.7,8.1,4.9,5.5,22.0,0.1,95.5,1.1,2002-03,100.7,102.6,99.4,101.3,1.2,1.3,0.572,1.42,16.2,0.323,0.672,0.496,0.158,0.473,0.514,94.3,92.59,77.16,7637,0.498
1610612757,Portland Trail Blazers,82,50,32,0.61,48.4,36.4,79.2,0.46,4.6,14.0,0.33,17.7,23.7,0.745,12.1,29.0,41.1,22.7,15.2,8.8,3.9,4.8,19.9,0.1,95.2,2.6,2002-03,102.6,104.2,99.5,101.5,3.1,2.7,0.623,1.49,17.7,0.338,0.689,0.515,0.167,0.489,0.531,92.1,90.44,75.36,7486,0.515
1610612758,Sacramento Kings,82,59,23,0.72,48.4,39.5,85.2,0.464,6.0,15.7,0.381,16.7,22.3,0.746,11.0,33.5,44.5,24.8,14.5,9.0,5.6,4.3,20.3,0.0,101.7,6.5,2002-03,103.1,104.4,96.3,97.8,6.8,6.6,0.627,1.71,18.3,0.289,0.678,0.493,0.149,0.499,0.535,98.0,96.63,80.52,7987,0.551
1610612759,San Antonio Spurs,82,60,22,0.732,48.4,35.5,76.8,0.462,5.5,15.5,0.354,19.4,26.8,0.725,11.5,31.2,42.6,20.0,15.8,7.7,6.5,5.1,20.4,0.0,95.8,5.4,2002-03,103.1,103.9,96.6,98.1,6.5,5.8,0.563,1.26,15.9,0.311,0.687,0.508,0.171,0.497,0.541,92.5,91.46,76.21,7558,0.549
1610612760,Seattle SuperSonics,82,40,42,0.488,48.4,35.2,80.5,0.437,5.6,15.7,0.353,16.2,21.7,0.744,11.7,29.1,40.8,21.6,13.2,8.3,3.6,5.0,20.9,0.1,92.1,-0.1,2002-03,100.7,102.4,100.9,102.6,-0.2,-0.2,0.615,1.64,17.2,0.314,0.688,0.497,0.147,0.472,0.512,90.7,89.17,74.31,7379,0.502
1610612761,Toronto Raptors,82,24,58,0.293,48.3,34.7,81.3,0.427,5.0,14.5,0.343,16.5,22.9,0.718,12.5,28.7,41.2,19.3,14.4,7.4,4.8,5.0,21.5,0.1,90.9,-5.9,2002-03,97.4,99.3,104.3,105.6,-6.9,-6.3,0.556,1.34,15.3,0.318,0.678,0.491,0.157,0.458,0.497,92.4,91.01,75.84,7507,0.447
1610612762,Utah Jazz,82,47,35,0.573,48.2,35.3,75.5,0.468,2.7,7.8,0.349,21.3,28.6,0.745,12.5,29.0,41.5,25.6,16.8,8.6,5.7,5.2,22.4,0.1,94.7,2.4,2002-03,102.4,103.7,99.8,101.1,2.7,2.6,0.727,1.53,19.5,0.353,0.673,0.519,0.184,0.486,0.537,92.0,90.78,75.65,7483,0.551
1610612764,Washington Wizards,82,37,45,0.451,48.4,34.3,78.0,0.44,3.1,9.9,0.312,19.7,25.3,0.779,11.2,29.2,40.4,19.7,13.4,7.6,4.8,4.4,20.0,0.0,91.5,-1.0,2002-03,100.2,101.5,100.9,102.6,-0.7,-1.1,0.572,1.47,15.9,0.305,0.686,0.496,0.148,0.46,0.513,90.8,89.46,74.55,7390,0.498
1610612737,Atlanta Hawks,82,28,54,0.341,48.5,34.5,79.6,0.433,5.1,15.2,0.335,18.7,24.1,0.776,12.1,30.6,42.7,20.1,16.5,7.6,5.0,5.1,22.3,0.0,92.8,-4.6,2003-04,98.2,99.1,103.1,103.9,-4.9,-4.8,0.583,1.22,15.7,0.308,0.686,0.5,0.176,0.465,0.514,93.5,92.68,77.24,7680,0.466
1610612738,Boston Celtics,82,36,46,0.439,48.1,34.7,78.2,0.443,6.7,19.5,0.346,19.2,25.5,0.75,10.4,29.8,40.1,20.5,16.2,9.4,4.0,5.0,22.4,0.0,95.3,-1.5,2003-04,99.9,100.7,100.2,102.2,-0.3,-1.5,0.592,1.26,16.1,0.279,0.658,0.473,0.172,0.486,0.532,95.8,94.47,78.73,7757,0.49
1610612741,Chicago Bulls,82,23,59,0.28,48.4,34.1,82.4,0.414,5.2,15.3,0.342,16.2,22.4,0.725,12.8,30.7,43.5,21.9,16.1,8.0,4.8,5.4,23.3,0.0,89.7,-6.4,2003-04,93.9,95.6,100.5,102.1,-6.6,-6.5,0.641,1.36,16.7,0.311,0.679,0.491,0.172,0.446,0.486,94.8,93.23,77.69,7694,0.446
1610612739,Cleveland Cavaliers,82,35,47,0.427,48.4,35.6,82.4,0.433,3.0,9.6,0.314,18.6,24.8,0.753,13.6,31.9,45.6,22.0,14.8,7.1,6.5,5.3,21.3,0.0,92.9,-2.6,2003-04,98.4,100.6,101.3,103.1,-2.9,-2.6,0.619,1.49,16.9,0.34,0.688,0.514,0.16,0.451,0.498,93.6,91.71,76.43,7577,0.491
1610612742,Dallas Mavericks,82,52,30,0.634,48.3,40.5,88.2,0.459,6.2,17.8,0.348,18.0,22.6,0.796,14.3,31.0,45.3,23.9,12.2,8.0,5.3,4.7,19.6,0.0,105.2,4.4,2003-04,109.6,110.4,104.3,105.9,5.3,4.5,0.591,1.96,17.7,0.335,0.686,0.507,0.128,0.495,0.536,95.7,94.62,78.85,7814,0.527
1610612743,Denver Nuggets,82,43,39,0.524,48.1,36.5,82.5,0.443,4.0,12.0,0.336,20.2,26.3,0.767,13.2,29.1,42.3,21.9,15.6,9.1,6.3,5.8,22.0,0.1,97.2,1.1,2003-04,100.8,102.4,99.9,101.4,0.9,1.0,0.599,1.4,16.5,0.337,0.664,0.498,0.164,0.467,0.517,96.1,94.64,78.87,7786,0.505
1610612765,Detroit Pistons,82,54,28,0.659,48.2,33.5,77.0,0.435,4.1,11.8,0.344,19.0,25.3,0.753,12.4,30.4,42.8,20.8,15.1,8.0,7.0,5.0,20.3,0.0,90.1,5.8,2003-04,99.1,100.3,92.5,93.9,6.6,6.5,0.62,1.37,16.6,0.332,0.686,0.512,0.168,0.461,0.511,90.5,89.34,74.45,7365,0.558
1610612744,Golden State Warriors,82,37,45,0.451,48.4,35.1,79.4,0.442,5.2,15.6,0.334,17.9,24.7,0.725,12.2,30.9,43.1,20.5,14.8,7.0,4.7,5.1,20.6,0.0,93.3,-0.7,2003-04,100.5,101.5,101.2,102.6,-0.7,-1.1,0.585,1.39,16.2,0.312,0.694,0.503,0.161,0.475,0.517,92.1,90.95,75.79,7535,0.491
1610612745,Houston Rockets,82,45,37,0.549,48.6,33.4,75.5,0.442,6.3,17.1,0.366,16.7,21.6,0.773,10.3,32.3,42.6,19.3,16.7,6.8,5.4,4.4,21.5,0.0,89.8,1.7,2003-04,98.1,99.7,96.4,97.8,1.8,1.9,0.577,1.15,15.8,0.305,0.708,0.516,0.186,0.484,0.528,90.3,88.92,74.1,7384,0.513
1610612754,Indiana Pacers,82,61,21,0.744,48.3,33.6,77.1,0.435,5.5,15.6,0.351,18.8,24.6,0.764,11.8,29.9,41.7,21.6,14.4,8.9,5.0,6.2,20.8,0.1,91.4,5.8,2003-04,100.9,102.5,94.8,96.2,6.1,6.3,0.644,1.5,17.3,0.32,0.706,0.511,0.162,0.471,0.52,89.9,88.54,73.78,7311,0.539
1610612746,Los Angeles Clippers,82,28,54,0.341,48.3,34.4,80.2,0.428,4.0,12.5,0.321,22.0,28.1,0.785,14.0,29.5,43.5,20.2,16.4,7.2,4.6,5.3,22.1,0.0,94.8,-4.6,2003-04,99.8,101.9,105.9,106.6,-6.1,-4.7,0.587,1.23,15.5,0.362,0.677,0.517,0.176,0.453,0.512,93.8,92.49,77.08,7624,0.464
1610612747,Los Angeles Lakers,82,56,26,0.683,48.4,36.9,81.4,0.454,4.5,13.6,0.327,19.9,28.7,0.693,12.2,30.9,43.1,23.8,13.8,8.3,4.6,3.8,21.1,0.1,98.2,3.9,2003-04,102.7,104.2,98.7,100.1,4.0,4.1,0.643,1.72,17.9,0.313,0.701,0.506,0.146,0.481,0.522,94.8,93.39,77.82,7729,0.538
1610612763,Memphis Grizzlies,82,50,32,0.61,48.5,36.1,81.2,0.445,5.5,16.0,0.34,19.0,26.1,0.727,12.8,29.0,41.8,23.4,15.0,9.7,6.9,5.6,23.2,0.0,96.7,2.4,2003-04,101.9,103.4,99.2,100.8,2.7,2.6,0.646,1.56,17.7,0.325,0.655,0.489,0.16,0.479,0.522,94.0,92.6,77.17,7670,0.522
1610612748,Miami Heat,82,42,40,0.512,48.2,33.3,78.3,0.425,5.9,16.5,0.357,17.8,23.4,0.762,11.5,30.0,41.5,19.1,13.9,7.2,3.8,5.4,22.1,0.0,90.3,0.5,2003-04,99.3,100.6,98.9,100.3,0.4,0.3,0.573,1.38,15.6,0.307,0.707,0.504,0.154,0.463,0.51,90.5,89.3,74.42,7361,0.496
1610612749,Milwaukee Bucks,82,41,41,0.5,48.2,36.2,81.1,0.447,4.9,14.0,0.35,20.7,26.7,0.775,11.7,30.5,42.2,22.8,13.5,6.8,4.7,5.0,20.3,0.0,98.0,1.1,2003-04,103.5,104.6,102.6,103.5,0.9,1.1,0.63,1.69,17.5,0.308,0.69,0.499,0.144,0.477,0.528,94.1,93.2,77.66,7682,0.51
1610612750,Minnesota Timberwolves,82,58,24,0.707,48.2,37.0,80.1,0.462,4.0,10.9,0.363,16.6,21.3,0.781,10.7,32.3,42.9,23.0,12.7,6.8,5.6,3.6,21.1,0.1,94.5,5.5,2003-04,103.3,104.2,96.6,98.5,6.7,5.7,0.623,1.81,18.2,0.303,0.691,0.507,0.14,0.486,0.528,91.5,90.24,75.2,7441,0.554
1610612751,New Jersey Nets,82,47,35,0.573,48.1,34.3,77.7,0.441,4.6,13.7,0.336,17.0,22.6,0.753,10.5,30.2,40.7,24.5,14.7,8.6,3.9,4.6,21.0,0.1,90.3,2.5,2003-04,98.2,99.0,95.2,96.4,3.0,2.6,0.714,1.66,19.1,0.289,0.711,0.501,0.162,0.471,0.515,91.9,90.97,75.81,7475,0.533
1610612740,New Orleans Hornets,82,41,41,0.5,48.4,33.8,80.5,0.42,6.5,20.3,0.319,17.7,23.6,0.751,13.3,29.5,42.8,20.9,15.0,8.6,4.2,5.2,20.9,0.1,91.8,-0.1,2003-04,99.1,100.7,99.5,100.6,-0.3,0.1,0.619,1.4,16.4,0.332,0.681,0.502,0.164,0.46,0.505,91.8,90.59,75.49,7476,0.491
1610612752,New York Knicks,82,39,43,0.476,48.5,35.1,79.4,0.442,5.0,13.6,0.364,16.8,21.1,0.793,11.6,31.0,42.6,20.7,15.7,7.4,4.8,4.7,23.1,0.0,92.0,-1.5,2003-04,99.1,99.7,100.3,101.3,-1.2,-1.6,0.588,1.31,16.4,0.307,0.701,0.508,0.17,0.474,0.518,92.1,91.29,76.08,7563,0.488
1610612753,Orlando Magic,82,21,61,0.256,48.4,35.4,82.5,0.429,5.2,15.2,0.344,18.0,24.4,0.737,12.2,28.7,40.9,19.3,13.7,6.7,3.8,5.5,21.3,0.0,94.0,-7.0,2003-04,99.3,101.4,107.5,108.8,-8.3,-7.4,0.545,1.41,15.2,0.315,0.657,0.481,0.148,0.461,0.504,93.6,92.14,76.78,7608,0.434
1610612755,Philadelphia 76ers,82,33,49,0.402,48.4,32.7,76.3,0.428,4.1,12.1,0.342,18.4,24.5,0.753,11.5,29.4,40.8,20.0,15.9,8.0,4.4,5.6,20.7,0.0,88.0,-2.5,2003-04,96.1,97.8,99.1,100.4,-3.0,-2.6,0.611,1.25,16.1,0.313,0.681,0.498,0.177,0.456,0.505,90.7,89.26,74.38,7379,0.484
1610612756,Phoenix Suns,82,29,53,0.354,48.1,36.1,81.4,0.443,5.1,14.7,0.345,17.0,22.7,0.746,11.3,29.3,40.6,19.3,15.2,9.0,4.7,5.3,22.7,0.0,94.2,-3.7,2003-04,98.8,100.3,102.2,104.2,-3.4,-3.8,0.536,1.27,15.3,0.297,0.661,0.479,0.162,0.475,0.515,95.3,93.72,78.1,7699,0.466
1610612757,Portland Trail Blazers,82,41,41,0.5,48.7,35.3,78.9,0.448,4.6,13.4,0.346,15.4,21.1,0.731,12.7,29.0,41.7,21.6,14.8,7.5,5.4,4.8,19.0,0.0,90.7,-1.3,2003-04,100.5,102.1,102.2,103.5,-1.6,-1.5,0.61,1.46,17.2,0.344,0.67,0.507,0.166,0.478,0.515,88.8,87.54,72.95,7289,0.488
1610612758,Sacramento Kings,82,55,27,0.671,48.2,37.8,81.8,0.462,7.3,18.3,0.401,19.8,24.9,0.795,10.8,30.4,41.2,26.2,13.9,8.7,4.0,5.0,19.3,0.0,102.8,5.0,2003-04,107.3,108.6,102.2,103.2,5.1,5.4,0.694,1.89,19.6,0.292,0.676,0.488,0.146,0.507,0.554,95.3,94.25,78.54,7765,0.544
1610612759,San Antonio Spurs,82,57,25,0.695,48.2,34.7,78.5,0.442,5.0,13.9,0.358,17.2,25.2,0.681,12.5,32.5,45.1,20.4,14.7,8.1,6.5,4.6,20.3,0.0,91.5,7.2,2003-04,99.8,101.0,91.6,93.1,8.2,7.9,0.59,1.39,16.3,0.319,0.71,0.516,0.162,0.473,0.511,91.5,90.23,75.19,7428,0.566
1610612760,Seattle SuperSonics,82,37,45,0.451,48.3,35.8,80.4,0.446,8.8,23.6,0.373,16.6,21.7,0.765,11.1,28.3,39.3,21.7,14.5,8.1,4.7,4.7,21.8,0.1,97.1,-0.6,2003-04,104.0,105.6,104.7,106.4,-0.6,-0.8,0.606,1.5,17.1,0.302,0.655,0.479,0.158,0.501,0.54,92.8,91.34,76.12,7542,0.491
1610612761,Toronto Raptors,82,33,49,0.402,48.7,32.4,77.4,0.418,5.6,15.8,0.356,15.1,20.1,0.75,10.1,29.5,39.6,19.2,14.2,7.4,4.9,4.1,21.3,0.0,85.4,-3.0,2003-04,94.6,95.3,97.6,98.8,-3.0,-3.4,0.593,1.35,15.9,0.27,0.673,0.471,0.159,0.454,0.495,89.1,88.24,73.53,7348,0.476
1610612762,Utah Jazz,82,42,40,0.512,48.2,32.8,75.3,0.436,3.1,9.6,0.321,20.0,26.8,0.746,13.5,27.7,41.2,20.4,16.6,7.1,6.0,6.5,25.6,0.1,88.7,-1.2,2003-04,98.3,100.0,100.4,101.3,-2.1,-1.3,0.621,1.22,16.3,0.373,0.691,0.529,0.188,0.456,0.509,89.4,88.26,73.55,7271,0.493
1610612764,Washington Wizards,82,25,57,0.305,48.4,33.6,80.0,0.421,5.3,15.5,0.342,19.3,27.0,0.714,13.6,29.2,42.8,18.7,17.5,8.9,5.0,5.5,20.9,0.0,91.8,-5.6,2003-04,95.9,97.2,101.9,102.9,-6.1,-5.7,0.557,1.07,14.5,0.333,0.667,0.496,0.186,0.454,0.5,95.0,93.9,78.25,7751,0.441
1610612737,Atlanta Hawks,82,13,69,0.159,48.4,35.9,81.4,0.441,3.7,11.9,0.312,17.3,24.3,0.711,13.4,28.5,41.9,19.7,16.1,7.7,4.2,5.9,24.5,0.0,92.7,-9.7,2004-05,97.9,98.8,108.4,109.0,-10.5,-10.2,0.549,1.22,15.3,0.326,0.696,0.502,0.171,0.464,0.504,93.8,93.09,77.58,7695,0.422
1610612738,Boston Celtics,82,45,37,0.549,48.5,37.1,79.4,0.468,5.3,15.3,0.349,21.6,28.3,0.764,11.1,29.7,40.8,22.1,15.8,8.1,5.2,4.9,24.4,0.0,101.3,0.9,2004-05,104.8,105.9,103.3,105.1,1.5,0.8,0.594,1.4,16.9,0.305,0.671,0.494,0.165,0.501,0.551,95.9,94.61,78.84,7839,0.505
1610612766,Charlotte Bobcats,82,18,64,0.22,48.5,36.1,83.6,0.432,3.9,10.7,0.363,18.1,25.6,0.709,13.2,28.5,41.7,21.9,14.5,8.5,5.4,5.4,23.1,0.0,94.3,-6.0,2004-05,98.0,99.8,104.7,106.0,-6.8,-6.2,0.606,1.51,16.5,0.327,0.676,0.492,0.154,0.455,0.497,95.0,93.54,77.95,7743,0.46
1610612741,Chicago Bulls,82,47,35,0.573,48.4,34.7,80.4,0.432,6.2,17.5,0.357,18.7,25.0,0.75,12.2,31.6,43.8,21.3,16.7,7.0,4.5,5.3,24.7,0.1,94.5,1.1,2004-05,98.5,100.5,97.5,99.1,1.0,1.4,0.612,1.27,16.4,0.317,0.691,0.506,0.178,0.471,0.517,95.1,93.41,77.84,7707,0.498
1610612739,Cleveland Cavaliers,82,42,40,0.512,48.4,36.5,81.5,0.447,3.7,11.0,0.332,19.9,26.5,0.752,13.6,28.7,42.3,22.6,13.9,8.0,5.6,5.1,22.6,0.0,96.5,0.8,2004-05,103.2,105.3,102.5,104.7,0.7,0.6,0.619,1.62,17.3,0.354,0.674,0.51,0.152,0.47,0.518,92.6,90.72,75.6,7516,0.51
1610612742,Dallas Mavericks,82,58,24,0.707,48.1,37.3,81.6,0.457,5.6,15.5,0.364,22.3,28.2,0.789,12.1,30.9,42.9,19.6,13.4,8.6,5.6,4.9,22.3,0.0,102.5,5.7,2004-05,107.5,108.5,101.0,102.6,6.4,5.9,0.526,1.46,15.3,0.319,0.674,0.5,0.142,0.492,0.545,95.3,94.18,78.48,7749,0.537
1610612743,Denver Nuggets,82,49,33,0.598,48.2,37.0,80.7,0.459,3.9,11.5,0.34,21.5,28.2,0.763,11.8,30.2,42.0,23.9,14.9,9.1,6.0,5.6,22.9,0.1,99.5,2.0,2004-05,103.4,104.7,100.7,102.6,2.7,2.2,0.645,1.6,18.0,0.313,0.678,0.497,0.157,0.483,0.535,96.1,94.68,78.9,7792,0.531
1610612765,Detroit Pistons,82,54,28,0.659,48.7,34.8,78.3,0.444,4.4,12.8,0.345,19.4,26.2,0.739,12.9,30.6,43.4,21.8,13.8,7.0,6.1,4.5,20.0,0.0,93.3,3.9,2004-05,102.8,103.9,97.9,99.6,4.8,4.3,0.627,1.58,17.2,0.34,0.693,0.518,0.154,0.472,0.519,89.8,88.59,73.82,7364,0.542
1610612744,Golden State Warriors,82,34,48,0.415,48.5,36.9,85.8,0.43,7.6,21.6,0.352,17.2,23.8,0.722,13.0,29.7,42.7,22.1,13.6,7.8,5.1,5.1,22.4,0.0,98.7,-2.2,2004-05,101.9,103.4,104.0,105.5,-2.0,-2.2,0.598,1.63,16.6,0.303,0.666,0.477,0.142,0.475,0.512,95.8,94.45,78.71,7830,0.473
1610612745,Houston Rockets,82,51,31,0.622,48.4,34.7,78.3,0.443,6.7,18.5,0.364,18.9,24.2,0.781,10.7,31.7,42.4,21.1,13.8,6.9,4.6,4.1,22.0,0.0,95.1,4.0,2004-05,103.2,104.4,98.9,100.1,4.3,4.3,0.609,1.53,16.9,0.301,0.713,0.512,0.152,0.486,0.534,91.3,90.18,75.15,7467,0.527
1610612754,Indiana Pacers,82,44,38,0.537,48.5,32.5,75.2,0.432,6.6,19.2,0.344,21.3,26.9,0.792,10.6,29.5,40.1,18.2,14.3,7.5,4.4,4.9,23.0,0.1,93.0,0.8,2004-05,102.4,103.7,101.9,102.7,0.5,1.0,0.558,1.27,15.1,0.296,0.687,0.494,0.16,0.476,0.534,89.6,88.71,73.92,7351,0.504
1610612746,Los Angeles Clippers,82,37,45,0.451,48.9,35.7,77.7,0.459,2.8,8.2,0.345,21.6,27.7,0.778,12.0,29.9,41.9,23.2,15.7,7.3,5.1,4.8,22.2,0.0,95.7,-0.8,2004-05,102.2,103.8,103.4,104.5,-1.2,-0.8,0.65,1.47,17.9,0.338,0.687,0.518,0.171,0.477,0.533,91.8,90.66,75.55,7564,0.518
1610612747,Los Angeles Lakers,82,34,48,0.415,48.2,35.3,80.8,0.437,7.9,22.1,0.355,20.3,26.1,0.777,12.5,30.6,43.2,20.4,14.3,6.2,4.2,5.1,21.9,0.0,98.7,-3.0,2004-05,104.9,106.4,108.0,109.6,-3.1,-3.2,0.578,1.42,15.9,0.324,0.68,0.503,0.155,0.485,0.535,93.7,92.34,76.95,7610,0.468
1610612763,Memphis Grizzlies,82,45,37,0.549,48.1,34.2,76.5,0.447,6.5,18.1,0.357,18.6,24.7,0.754,10.8,28.1,39.0,20.9,14.6,8.5,5.8,5.8,23.3,0.0,93.4,2.3,2004-05,102.5,104.2,99.9,101.5,2.7,2.7,0.612,1.43,16.9,0.308,0.663,0.487,0.163,0.489,0.535,91.1,89.65,74.71,7355,0.515
1610612748,Miami Heat,82,59,23,0.72,48.7,37.8,77.7,0.486,5.8,15.4,0.377,20.2,30.1,0.672,10.8,32.2,43.0,21.8,13.7,6.4,5.8,3.2,22.1,0.0,101.5,6.5,2004-05,108.2,108.9,99.8,102.2,8.4,6.7,0.578,1.59,17.1,0.297,0.698,0.508,0.147,0.524,0.559,93.1,91.73,76.44,7647,0.556
1610612749,Milwaukee Bucks,82,30,52,0.366,48.2,36.1,80.2,0.45,4.0,11.3,0.351,21.0,27.2,0.772,12.0,29.3,41.3,21.0,13.8,6.5,3.5,4.5,21.9,0.1,97.2,-3.0,2004-05,103.4,105.1,106.7,108.1,-3.3,-3.0,0.58,1.52,16.4,0.322,0.687,0.503,0.149,0.475,0.527,93.5,92.14,76.78,7584,0.478
1610612750,Minnesota Timberwolves,82,44,38,0.537,48.2,37.1,80.8,0.459,4.8,14.0,0.345,17.7,22.2,0.796,11.5,31.5,43.0,23.4,13.2,5.6,5.5,3.9,21.6,0.0,96.8,1.5,2004-05,104.9,106.6,103.7,105.0,1.2,1.6,0.63,1.78,18.3,0.321,0.682,0.508,0.145,0.489,0.534,91.7,90.39,75.33,7440,0.518
1610612751,New Jersey Nets,82,42,40,0.512,48.5,33.6,78.3,0.429,5.3,14.7,0.362,19.0,24.9,0.763,10.4,29.1,39.5,21.6,14.2,7.9,3.8,4.9,24.2,0.0,91.4,-1.5,2004-05,98.3,99.9,100.4,101.6,-2.1,-1.7,0.644,1.52,17.1,0.298,0.701,0.495,0.155,0.463,0.512,91.7,90.41,75.34,7501,0.49
1610612740,New Orleans Hornets,82,18,64,0.22,48.6,33.1,80.0,0.415,5.1,16.0,0.315,17.1,22.3,0.766,12.4,27.8,40.2,21.0,14.8,6.7,3.8,5.5,23.0,0.0,88.4,-7.1,2004-05,95.9,98.2,105.1,105.9,-9.1,-7.7,0.634,1.42,16.6,0.329,0.675,0.494,0.165,0.446,0.493,90.4,88.97,74.14,7382,0.437
1610612752,New York Knicks,82,33,49,0.402,48.5,36.3,80.5,0.451,5.4,15.1,0.356,19.3,25.1,0.767,11.8,29.2,41.0,20.3,14.7,7.7,3.2,4.7,23.7,0.1,97.3,-2.4,2004-05,103.0,104.5,106.5,107.2,-3.5,-2.7,0.559,1.38,15.9,0.316,0.686,0.498,0.158,0.485,0.531,93.1,92.12,76.77,7634,0.475
1610612753,Orlando Magic,82,36,46,0.439,48.1,37.0,81.5,0.454,3.9,11.2,0.349,21.6,28.5,0.759,12.7,31.0,43.7,19.3,16.1,7.7,5.4,4.3,23.6,0.0,99.5,-2.2,2004-05,102.1,103.4,104.2,105.7,-2.1,-2.3,0.522,1.2,14.8,0.328,0.682,0.507,0.168,0.478,0.529,97.4,96.15,80.12,7891,0.489
1610612755,Philadelphia 76ers,82,43,39,0.524,48.4,35.9,82.1,0.437,6.2,17.7,0.348,21.1,26.8,0.789,11.1,30.9,42.0,20.9,15.5,9.2,3.9,4.7,22.9,0.0,99.1,-0.7,2004-05,100.8,101.8,101.5,102.5,-0.7,-0.7,0.58,1.34,15.9,0.281,0.703,0.491,0.16,0.475,0.528,97.5,96.56,80.47,7985,0.493
1610612756,Phoenix Suns,82,62,20,0.756,48.2,40.9,85.6,0.477,9.7,24.7,0.393,19.0,25.4,0.748,11.8,32.3,44.1,23.5,13.7,7.0,5.5,4.2,19.1,0.0,110.4,7.1,2004-05,111.9,112.7,103.7,105.7,8.2,7.0,0.575,1.71,17.4,0.304,0.656,0.49,0.14,0.534,0.571,98.6,97.35,81.13,8034,0.546
1610612757,Portland Trail Blazers,82,27,55,0.329,48.1,35.3,78.3,0.451,5.1,14.2,0.362,17.2,23.7,0.725,11.8,29.3,41.1,21.0,16.0,7.1,6.6,5.0,20.8,0.1,92.9,-4.0,2004-05,100.1,101.9,104.5,106.1,-4.4,-4.3,0.595,1.32,16.6,0.331,0.65,0.496,0.175,0.484,0.524,92.6,91.05,75.87,7481,0.475
1610612758,Sacramento Kings,82,50,32,0.61,48.4,39.1,85.1,0.459,6.4,17.0,0.374,19.2,24.4,0.787,12.5,29.9,42.4,24.5,13.1,8.2,3.9,4.5,20.5,0.0,103.7,2.2,2004-05,107.5,108.8,105.0,106.5,2.5,2.3,0.626,1.87,18.2,0.315,0.667,0.491,0.137,0.496,0.541,95.7,94.52,78.77,7819,0.522
1610612759,San Antonio Spurs,82,59,23,0.72,48.3,35.6,78.7,0.453,6.2,17.0,0.363,18.7,25.9,0.724,12.0,30.4,42.4,21.6,13.7,7.5,6.6,5.1,20.9,0.0,96.2,7.8,2004-05,104.9,106.1,95.8,97.8,9.1,8.3,0.606,1.57,17.1,0.321,0.697,0.51,0.151,0.492,0.534,91.4,89.96,74.97,7435,0.565
1610612760,Seattle SuperSonics,82,52,30,0.634,48.2,35.1,79.2,0.444,8.1,22.2,0.365,20.5,26.0,0.79,12.7,28.2,40.9,18.1,13.6,6.7,4.1,4.8,23.7,0.1,98.9,2.3,2004-05,108.1,110.3,106.1,108.0,2.0,2.3,0.516,1.34,14.7,0.357,0.681,0.517,0.151,0.495,0.546,91.0,89.24,74.37,7353,0.504
1610612761,Toronto Raptors,82,33,49,0.402,48.3,36.0,81.2,0.444,7.9,20.5,0.385,19.8,25.6,0.774,10.3,29.8,40.1,20.4,13.3,7.6,3.9,4.4,22.9,0.0,99.7,-1.6,2004-05,104.5,105.4,105.9,107.2,-1.3,-1.8,0.566,1.54,16.0,0.269,0.682,0.473,0.14,0.492,0.539,95.0,94.01,78.34,7762,0.479
1610612762,Utah Jazz,82,26,56,0.317,48.2,34.5,76.8,0.449,3.0,9.3,0.328,21.0,27.7,0.757,12.8,27.4,40.1,22.3,15.8,6.6,4.6,5.8,26.7,0.0,93.0,-4.3,2004-05,101.1,102.9,107.0,107.3,-5.9,-4.4,0.646,1.41,17.4,0.351,0.695,0.518,0.174,0.469,0.522,91.0,90.02,75.02,7409,0.475
1610612764,Washington Wizards,82,45,37,0.549,48.2,36.2,82.9,0.437,6.3,18.3,0.343,21.9,30.2,0.725,13.8,29.0,42.8,19.1,14.3,8.7,4.2,5.0,22.0,0.0,100.5,-0.3,2004-05,104.0,105.4,104.2,105.9,-0.2,-0.4,0.527,1.33,14.6,0.338,0.667,0.497,0.15,0.474,0.523,96.2,94.8,79.0,7816,0.485
1610612737,Atlanta Hawks,82,26,56,0.317,48.5,35.9,79.2,0.454,5.2,14.1,0.367,20.2,26.9,0.75,13.0,27.2,40.3,19.8,15.7,7.2,4.8,5.1,25.0,22.6,97.2,-4.8,2005-06,103.8,104.8,108.3,110.1,-4.5,-5.3,0.552,1.27,15.5,0.334,0.667,0.496,0.169,0.486,0.534,93.0,91.75,76.46,7607,0.462
1610612738,Boston Celtics,82,33,49,0.402,48.5,36.0,77.1,0.467,5.7,15.7,0.362,20.3,26.9,0.755,9.9,29.7,39.6,20.9,16.6,7.0,5.1,4.9,24.8,22.4,98.0,-1.5,2005-06,102.5,104.0,104.0,105.6,-1.5,-1.5,0.581,1.26,16.4,0.289,0.694,0.497,0.176,0.504,0.551,94.7,93.27,77.72,7722,0.485
1610612766,Charlotte Bobcats,82,26,56,0.317,48.5,36.1,83.5,0.433,5.2,15.4,0.339,19.4,26.7,0.729,12.1,27.7,39.8,20.9,14.2,10.0,4.3,5.4,23.9,23.5,96.9,-4.0,2005-06,99.5,101.2,104.2,105.6,-4.7,-4.4,0.58,1.47,15.9,0.305,0.678,0.479,0.149,0.464,0.509,96.0,94.57,78.8,7851,0.463
1610612741,Chicago Bulls,82,41,41,0.5,48.5,36.6,82.2,0.446,6.8,18.0,0.379,17.7,24.0,0.738,11.0,31.7,42.8,22.0,14.9,6.2,4.2,5.1,24.9,23.0,97.8,0.6,2005-06,101.3,103.3,100.2,102.7,1.0,0.7,0.601,1.47,16.9,0.303,0.703,0.503,0.158,0.487,0.527,95.7,93.59,77.99,7762,0.501
1610612739,Cleveland Cavaliers,82,50,32,0.61,48.4,35.5,78.2,0.454,6.1,17.9,0.339,20.6,28.3,0.729,11.7,30.6,42.3,19.0,13.9,6.9,4.8,4.4,21.1,22.5,97.6,2.2,2005-06,105.2,106.6,102.6,104.4,2.5,2.1,0.536,1.37,15.3,0.313,0.717,0.514,0.151,0.492,0.538,92.2,90.77,75.64,7510,0.51
1610612742,Dallas Mavericks,82,60,22,0.732,48.5,36.0,77.7,0.462,5.1,13.6,0.374,22.2,28.3,0.783,12.6,29.6,42.2,18.0,13.6,7.2,6.0,4.9,22.4,23.6,99.1,6.1,2005-06,108.7,109.9,101.9,103.2,6.8,6.7,0.5,1.32,14.6,0.347,0.69,0.522,0.15,0.495,0.55,90.3,89.3,74.42,7397,0.551
1610612743,Denver Nuggets,82,44,38,0.537,48.6,37.5,81.4,0.461,4.3,13.1,0.325,21.0,28.2,0.744,11.0,30.3,41.3,23.4,14.8,8.5,5.6,5.3,22.7,23.3,100.3,0.2,2005-06,102.8,104.4,102.1,104.1,0.7,0.3,0.624,1.58,17.6,0.3,0.682,0.494,0.154,0.488,0.535,96.6,94.9,79.08,7877,0.512
1610612765,Detroit Pistons,82,64,18,0.78,48.4,36.4,80.0,0.455,6.8,17.7,0.384,17.3,23.8,0.727,11.9,28.6,40.5,24.0,11.4,7.1,6.0,3.5,18.5,20.9,96.8,6.7,2005-06,107.7,109.3,100.2,101.7,7.6,7.6,0.661,2.12,18.9,0.317,0.68,0.497,0.128,0.497,0.535,89.3,87.98,73.31,7268,0.557
1610612744,Golden State Warriors,82,34,48,0.415,48.4,35.8,82.7,0.433,7.6,22.3,0.341,19.2,26.7,0.718,12.0,30.3,42.3,20.7,14.1,7.4,4.3,5.0,23.7,23.4,98.5,-1.4,2005-06,101.9,103.5,103.5,104.9,-1.6,-1.4,0.576,1.47,15.9,0.296,0.686,0.485,0.148,0.479,0.521,95.8,94.43,78.69,7800,0.475
1610612745,Houston Rockets,82,34,48,0.415,48.4,33.0,76.2,0.433,5.7,17.2,0.332,18.3,24.1,0.759,10.4,31.3,41.6,19.3,14.5,7.2,3.9,4.5,22.7,20.9,90.1,-1.6,2005-06,98.9,100.4,100.6,102.1,-1.7,-1.7,0.583,1.32,15.8,0.291,0.705,0.501,0.162,0.471,0.519,90.4,89.07,74.23,7358,0.49
1610612754,Indiana Pacers,82,41,41,0.5,48.1,34.0,76.5,0.444,6.5,18.7,0.349,19.4,26.3,0.737,11.0,31.2,42.2,19.9,15.3,7.3,5.0,4.9,22.2,22.0,93.9,1.9,2005-06,101.6,103.1,99.9,101.0,1.7,2.0,0.585,1.3,16.0,0.304,0.699,0.506,0.168,0.487,0.533,92.0,90.85,75.71,7470,0.514
1610612746,Los Angeles Clippers,82,47,35,0.573,48.3,36.5,78.6,0.465,3.5,10.3,0.344,20.7,26.1,0.791,10.1,33.0,43.1,20.8,14.5,6.5,6.1,4.3,22.8,21.7,97.2,1.6,2005-06,102.9,103.8,100.7,102.2,2.3,1.6,0.571,1.44,16.5,0.286,0.719,0.513,0.154,0.487,0.54,94.1,92.99,77.49,7675,0.523
1610612747,Los Angeles Lakers,82,45,37,0.549,48.4,36.5,80.6,0.453,6.7,19.3,0.349,19.7,26.5,0.745,11.8,30.3,42.2,21.1,13.9,7.7,4.3,4.3,23.1,23.5,99.4,2.5,2005-06,105.4,106.8,102.6,104.2,2.8,2.6,0.58,1.52,16.5,0.316,0.701,0.507,0.15,0.495,0.539,93.6,92.22,76.85,7632,0.518
1610612763,Memphis Grizzlies,82,49,33,0.598,48.4,33.5,74.7,0.448,7.2,19.2,0.374,18.0,25.3,0.711,10.2,29.0,39.2,19.3,13.8,7.3,5.4,5.6,21.4,22.8,92.2,3.7,2005-06,103.0,104.5,99.2,100.4,3.8,4.1,0.578,1.4,16.1,0.298,0.69,0.496,0.157,0.496,0.537,88.6,87.39,72.83,7232,0.516
1610612748,Miami Heat,82,52,30,0.634,48.2,37.1,77.5,0.478,6.1,17.6,0.345,19.7,28.2,0.7,10.5,32.6,43.1,20.6,14.5,6.4,5.4,3.6,22.8,23.6,99.9,3.9,2005-06,106.4,107.5,101.7,103.4,4.7,4.1,0.557,1.43,16.4,0.297,0.726,0.519,0.156,0.517,0.556,93.8,92.56,77.13,7622,0.538
1610612749,Milwaukee Bucks,82,40,42,0.488,48.4,36.3,80.1,0.453,6.2,16.3,0.38,19.0,25.8,0.738,11.3,29.9,41.2,21.6,14.6,7.3,3.3,5.0,23.2,23.6,97.8,-1.0,2005-06,103.3,104.9,105.0,105.9,-1.7,-1.0,0.594,1.48,16.8,0.309,0.713,0.507,0.157,0.492,0.535,93.6,92.45,77.04,7646,0.486
1610612750,Minnesota Timberwolves,82,33,49,0.402,48.4,35.2,77.3,0.456,3.8,11.5,0.329,17.5,23.1,0.758,9.9,29.5,39.4,20.9,14.5,6.8,5.7,4.6,23.0,21.2,91.7,-1.9,2005-06,99.6,101.5,101.7,103.5,-2.1,-2.0,0.594,1.44,16.9,0.296,0.673,0.49,0.16,0.48,0.524,91.3,89.58,74.65,7409,0.503
1610612751,New Jersey Nets,82,49,33,0.598,48.2,33.9,77.0,0.44,5.8,17.6,0.33,20.2,26.7,0.758,10.0,31.0,41.0,23.0,13.6,6.8,3.4,4.0,23.2,23.0,93.8,1.4,2005-06,101.5,102.4,99.8,100.9,1.7,1.5,0.678,1.68,18.2,0.274,0.73,0.501,0.149,0.478,0.528,92.0,91.17,75.98,7513,0.513
1610612740,New Orleans/Oklahoma City Hornets,82,38,44,0.463,48.3,34.5,78.4,0.44,3.7,10.8,0.339,20.1,26.5,0.758,11.2,29.0,40.2,18.5,13.4,7.5,3.8,5.3,21.8,23.3,92.8,-2.8,2005-06,100.6,102.3,104.4,105.1,-3.8,-2.8,0.537,1.39,15.1,0.297,0.709,0.497,0.147,0.464,0.515,91.3,90.32,75.27,7442,0.484
1610612752,New York Knicks,82,23,59,0.28,48.6,34.4,75.7,0.455,3.9,10.8,0.362,22.9,31.5,0.726,12.6,28.8,41.4,17.9,17.7,6.8,3.3,5.3,26.3,25.0,95.6,-6.4,2005-06,101.1,102.7,108.4,109.3,-7.3,-6.6,0.52,1.01,14.2,0.342,0.697,0.518,0.19,0.481,0.534,93.2,92.03,76.69,7633,0.444
1610612753,Orlando Magic,82,36,46,0.439,48.5,35.5,75.2,0.472,3.6,9.7,0.376,20.3,27.8,0.73,10.9,29.3,40.2,18.2,15.1,6.5,4.4,4.7,23.3,23.2,94.9,-1.1,2005-06,103.6,105.3,104.7,106.6,-1.1,-1.3,0.514,1.21,15.0,0.33,0.691,0.516,0.168,0.496,0.543,90.7,89.12,74.26,7395,0.495
1610612755,Philadelphia 76ers,82,38,44,0.463,48.5,36.6,79.8,0.458,4.6,12.6,0.364,21.6,28.4,0.76,10.6,29.6,40.2,20.2,14.1,7.9,4.9,4.7,20.9,23.1,99.4,-2.0,2005-06,103.7,104.7,104.8,106.5,-1.2,-1.8,0.551,1.43,15.8,0.285,0.676,0.481,0.149,0.487,0.538,95.1,93.91,78.26,7780,0.492
1610612756,Phoenix Suns,82,54,28,0.659,48.7,41.8,87.4,0.479,10.2,25.6,0.399,14.5,18.0,0.806,9.5,32.3,41.8,26.6,13.3,6.7,5.0,3.4,20.5,19.8,108.4,5.5,2005-06,109.4,110.2,102.9,104.7,6.4,5.4,0.635,2.0,19.5,0.256,0.69,0.48,0.135,0.537,0.568,98.1,96.92,80.77,8067,0.547
1610612757,Portland Trail Blazers,82,21,61,0.256,48.1,34.0,76.4,0.445,4.4,12.7,0.349,16.3,23.7,0.689,10.8,26.9,37.7,18.2,14.7,6.5,5.3,4.9,22.3,20.8,88.8,-9.5,2005-06,97.9,99.7,109.4,110.3,-11.5,-10.7,0.534,1.24,15.1,0.308,0.657,0.48,0.165,0.474,0.511,90.1,88.88,74.06,7308,0.424
1610612758,Sacramento Kings,82,44,38,0.537,48.4,36.0,79.3,0.454,6.0,17.2,0.351,20.8,26.5,0.784,10.4,30.2,40.5,22.3,14.6,7.4,3.6,4.9,20.4,22.8,98.9,1.5,2005-06,103.9,105.3,102.3,103.5,1.6,1.8,0.618,1.52,17.3,0.289,0.694,0.495,0.156,0.492,0.544,94.4,93.26,77.72,7701,0.515
1610612759,San Antonio Spurs,82,63,19,0.768,48.3,36.5,77.3,0.472,6.4,16.6,0.385,16.2,23.1,0.702,10.4,31.1,41.5,20.9,13.7,6.6,5.7,4.2,20.9,20.6,95.6,6.8,2005-06,105.2,106.2,96.9,98.7,8.3,7.5,0.574,1.52,17.0,0.289,0.708,0.505,0.153,0.513,0.546,90.6,89.41,74.51,7382,0.554
1610612760,Seattle SuperSonics,82,35,47,0.427,48.4,37.5,81.8,0.459,7.4,19.9,0.371,20.1,25.7,0.785,12.4,27.2,39.6,20.7,14.7,7.6,3.7,4.9,23.6,22.2,102.6,-3.0,2005-06,107.4,109.4,111.3,112.7,-3.9,-3.3,0.551,1.4,16.0,0.34,0.659,0.495,0.157,0.504,0.551,94.5,93.04,77.53,7689,0.467
1610612761,Toronto Raptors,82,27,55,0.329,48.7,36.7,81.0,0.454,7.4,19.8,0.375,20.2,25.5,0.791,10.5,27.9,38.5,19.4,13.1,6.5,3.3,4.4,24.0,22.4,101.1,-3.0,2005-06,106.7,107.9,109.7,111.2,-3.0,-3.2,0.529,1.49,15.5,0.286,0.697,0.484,0.139,0.5,0.548,93.5,92.33,76.94,7678,0.459
1610612762,Utah Jazz,82,41,41,0.5,48.5,33.5,75.7,0.442,3.8,11.3,0.336,21.6,30.1,0.719,13.1,29.0,42.1,21.6,15.7,6.4,6.0,5.6,24.8,25.7,92.4,-2.6,2005-06,100.8,102.4,104.5,105.1,-3.6,-2.7,0.646,1.37,16.9,0.356,0.702,0.526,0.174,0.467,0.519,90.4,89.4,74.5,7398,0.497
1610612764,Washington Wizards,82,42,40,0.512,48.4,36.3,81.2,0.447,6.1,17.0,0.357,23.0,30.4,0.757,12.6,28.6,41.2,18.6,13.9,8.0,4.1,4.2,22.6,25.0,101.7,1.9,2005-06,106.0,107.7,104.7,105.8,1.3,1.9,0.512,1.33,14.5,0.329,0.679,0.499,0.148,0.484,0.538,94.9,93.68,78.06,7742,0.503
1610612737,Atlanta Hawks,82,30,52,0.366,48.5,34.5,77.7,0.444,4.2,12.7,0.329,20.5,26.9,0.761,11.9,28.2,40.1,19.2,15.9,7.4,5.4,5.1,24.0,22.6,93.7,-4.8,2006-07,100.1,102.0,105.5,107.0,-5.3,-5.1,0.556,1.2,15.3,0.328,0.676,0.499,0.173,0.471,0.523,92.5,90.98,75.82,7533,0.466
1610612738,Boston Celtics,82,24,58,0.293,48.4,34.9,78.7,0.443,5.7,15.6,0.367,20.4,26.6,0.767,11.2,29.2,40.4,19.9,16.5,7.2,4.7,5.5,24.0,21.4,95.8,-3.4,2006-07,100.2,102.3,104.5,105.8,-4.4,-3.5,0.57,1.21,15.6,0.309,0.705,0.502,0.176,0.479,0.53,94.5,92.91,77.42,7680,0.459
1610612766,Charlotte Bobcats,82,33,49,0.402,48.8,36.1,81.0,0.446,5.6,15.6,0.357,19.1,26.0,0.734,11.2,28.6,39.8,22.4,14.9,7.8,4.5,5.3,24.2,21.8,96.9,-3.7,2006-07,100.7,102.4,104.8,106.3,-4.1,-3.9,0.62,1.5,17.1,0.299,0.682,0.485,0.158,0.48,0.524,94.5,93.11,77.6,7758,0.471
1610612741,Chicago Bulls,82,49,33,0.598,48.2,37.1,81.3,0.457,5.9,15.1,0.388,18.6,25.4,0.734,12.0,31.7,43.7,22.3,16.0,7.8,5.4,5.3,23.3,23.2,98.8,5.0,2006-07,102.5,104.0,97.0,98.8,5.4,5.2,0.601,1.4,17.0,0.319,0.707,0.514,0.168,0.493,0.534,96.0,94.47,78.73,7790,0.539
1610612739,Cleveland Cavaliers,82,50,32,0.61,48.5,36.3,81.2,0.447,6.0,17.1,0.352,18.1,26.0,0.696,12.7,30.8,43.5,20.8,14.4,7.6,4.3,4.3,21.7,22.0,96.8,3.8,2006-07,102.6,104.4,98.9,100.6,3.7,3.8,0.574,1.45,16.2,0.327,0.721,0.518,0.155,0.484,0.522,93.2,91.59,76.33,7598,0.52
1610612742,Dallas Mavericks,82,67,15,0.817,48.2,36.7,78.6,0.467,6.5,17.1,0.381,20.1,24.9,0.805,11.2,30.7,41.9,19.9,13.9,6.8,5.0,3.8,22.4,22.1,100.0,7.2,2006-07,108.5,109.7,100.6,102.1,7.9,7.6,0.542,1.43,16.0,0.32,0.719,0.522,0.152,0.509,0.559,91.9,90.68,75.57,7476,0.552
1610612743,Denver Nuggets,82,45,37,0.549,48.2,38.6,83.0,0.465,5.9,17.6,0.336,22.3,29.9,0.746,12.2,31.2,43.4,23.4,16.5,8.3,5.3,5.2,21.4,23.7,105.4,1.6,2006-07,104.9,106.7,102.7,105.1,2.2,1.7,0.607,1.42,17.1,0.322,0.678,0.502,0.167,0.501,0.548,100.2,98.2,81.84,8093,0.514
1610612765,Detroit Pistons,82,53,29,0.646,48.5,35.9,79.1,0.454,5.5,15.9,0.344,18.8,24.2,0.774,11.6,29.0,40.5,21.6,12.2,7.1,5.8,3.5,20.4,20.3,96.0,4.2,2006-07,106.2,107.4,101.1,102.6,5.1,4.8,0.601,1.77,17.3,0.307,0.678,0.493,0.137,0.488,0.535,89.7,88.56,73.8,7332,0.533
1610612744,Golden State Warriors,82,42,40,0.512,48.2,39.8,86.0,0.463,8.5,24.0,0.356,18.5,25.8,0.717,11.5,29.9,41.4,23.8,16.0,9.1,5.7,4.9,23.6,22.3,106.5,-0.3,2006-07,104.7,106.2,104.5,106.5,0.2,-0.3,0.598,1.49,17.3,0.285,0.662,0.472,0.159,0.512,0.548,101.6,99.97,83.31,8228,0.489
1610612745,Houston Rockets,82,52,30,0.634,48.4,35.4,79.6,0.445,8.6,23.1,0.372,17.5,23.2,0.753,10.7,32.6,43.3,20.8,14.2,7.1,4.1,4.3,20.9,19.9,97.0,4.9,2006-07,104.0,104.7,97.5,99.7,6.4,4.9,0.586,1.47,16.5,0.287,0.725,0.508,0.153,0.499,0.54,93.0,91.7,76.41,7598,0.529
1610612754,Indiana Pacers,82,35,47,0.427,48.2,35.0,80.0,0.438,5.9,16.9,0.346,19.7,25.9,0.76,12.1,29.8,41.8,20.5,16.3,7.3,5.5,5.0,23.3,23.7,95.6,-2.4,2006-07,100.0,101.9,103.0,104.4,-3.0,-2.5,0.585,1.26,15.9,0.321,0.694,0.503,0.173,0.474,0.523,94.9,93.43,77.86,7697,0.485
1610612746,Los Angeles Clippers,82,40,42,0.488,48.1,35.1,77.0,0.456,3.8,11.0,0.348,21.6,27.4,0.788,10.8,30.3,41.1,21.5,15.1,7.3,5.8,3.9,22.7,22.3,95.6,-0.5,2006-07,102.4,103.8,102.8,104.2,-0.4,-0.4,0.612,1.42,17.0,0.307,0.712,0.513,0.164,0.481,0.537,93.2,91.92,76.6,7554,0.509
1610612747,Los Angeles Lakers,82,42,40,0.512,48.9,37.8,81.3,0.466,7.4,21.0,0.353,20.2,27.1,0.747,10.8,30.4,41.2,22.6,15.5,7.3,5.1,5.0,23.0,23.4,103.3,-0.1,2006-07,105.6,107.3,106.1,107.5,-0.5,-0.2,0.596,1.45,17.1,0.3,0.69,0.496,0.161,0.511,0.554,96.0,94.58,78.82,7898,0.499
1610612763,Memphis Grizzlies,82,22,60,0.268,48.7,36.6,78.6,0.465,6.1,16.6,0.367,22.4,29.4,0.761,10.6,29.0,39.5,20.5,16.4,6.9,5.0,5.5,22.3,24.3,101.6,-5.1,2006-07,104.3,105.7,109.7,110.9,-5.4,-5.2,0.56,1.25,15.9,0.291,0.682,0.486,0.17,0.504,0.555,95.9,94.77,78.97,7883,0.462
1610612748,Miami Heat,82,44,38,0.537,48.4,35.6,76.7,0.464,6.4,18.8,0.343,17.0,24.6,0.69,10.0,30.8,40.8,20.5,14.6,6.9,5.4,3.8,21.3,21.8,94.6,-0.9,2006-07,102.6,103.4,102.0,104.6,0.6,-1.2,0.576,1.4,16.6,0.279,0.693,0.493,0.16,0.506,0.541,92.1,90.61,75.51,7503,0.508
1610612749,Milwaukee Bucks,82,28,54,0.341,48.4,38.1,81.9,0.465,6.4,18.0,0.356,17.1,23.4,0.733,11.5,27.7,39.2,21.6,15.1,7.2,2.7,5.3,22.2,21.0,99.7,-4.4,2006-07,104.0,106.0,109.1,110.3,-5.0,-4.3,0.567,1.43,16.7,0.306,0.657,0.479,0.161,0.504,0.541,94.8,93.33,77.78,7709,0.456
1610612750,Minnesota Timberwolves,82,32,50,0.39,48.8,36.5,79.3,0.461,4.7,13.3,0.353,18.3,23.1,0.792,10.0,30.2,40.1,22.5,15.6,6.5,4.0,4.4,21.4,20.5,96.1,-3.7,2006-07,101.1,102.4,105.3,106.5,-4.2,-4.0,0.617,1.45,17.5,0.292,0.698,0.5,0.166,0.49,0.537,93.3,92.19,76.83,7689,0.487
1610612751,New Jersey Nets,82,41,41,0.5,48.5,35.5,77.8,0.457,7.4,20.4,0.363,19.1,26.3,0.727,10.0,30.8,40.8,23.9,14.8,6.1,3.3,4.5,22.8,23.0,97.6,-0.8,2006-07,103.7,104.2,103.5,105.1,0.2,-0.9,0.674,1.62,18.5,0.275,0.714,0.496,0.158,0.504,0.546,93.6,92.69,77.24,7682,0.499
1610612740,New Orleans/Oklahoma City Hornets,82,39,43,0.476,48.5,36.2,81.4,0.445,5.5,15.3,0.362,17.5,23.7,0.74,12.5,30.6,43.1,18.7,14.5,6.4,4.2,4.8,19.8,21.1,95.5,-1.6,2006-07,101.9,103.7,104.0,105.4,-2.2,-1.6,0.517,1.29,14.9,0.318,0.719,0.514,0.157,0.479,0.52,92.6,91.19,75.99,7551,0.485
1610612752,New York Knicks,82,33,49,0.402,48.8,35.4,77.5,0.457,5.8,16.7,0.346,20.9,29.2,0.715,12.6,30.7,43.3,18.7,17.1,6.6,3.2,5.0,23.6,22.9,97.5,-2.9,2006-07,102.7,104.3,106.3,107.4,-3.6,-3.1,0.528,1.09,14.7,0.337,0.714,0.527,0.183,0.494,0.539,93.1,91.89,76.58,7661,0.471
1610612753,Orlando Magic,82,40,42,0.488,48.2,35.1,74.3,0.472,4.2,11.7,0.356,20.5,29.2,0.702,11.2,29.5,40.7,18.6,17.0,6.9,5.1,4.6,23.2,23.4,94.8,0.8,2006-07,102.0,104.1,101.7,103.3,0.4,0.8,0.53,1.1,15.1,0.333,0.697,0.519,0.186,0.5,0.544,92.2,90.54,75.45,7465,0.502
1610612755,Philadelphia 76ers,82,35,47,0.427,48.5,35.8,78.1,0.458,3.5,10.0,0.345,20.0,26.0,0.767,11.0,28.7,39.7,20.4,15.3,7.2,4.8,3.9,20.4,22.0,94.9,-3.0,2006-07,101.0,102.4,103.9,105.6,-2.9,-3.2,0.569,1.33,16.1,0.306,0.678,0.493,0.165,0.48,0.53,93.2,91.84,76.53,7606,0.489
1610612756,Phoenix Suns,82,61,21,0.744,48.5,41.3,83.6,0.494,9.6,24.0,0.399,18.0,22.3,0.808,9.0,31.5,40.5,25.9,14.5,6.7,4.8,3.7,20.2,21.5,110.2,7.3,2006-07,111.4,112.9,103.4,105.5,8.0,7.4,0.626,1.78,19.3,0.262,0.683,0.484,0.149,0.551,0.59,98.1,96.45,80.37,8002,0.561
1610612757,Portland Trail Blazers,82,32,50,0.39,48.7,35.0,78.0,0.45,5.2,15.0,0.346,18.8,24.5,0.769,11.3,28.0,39.3,18.5,15.1,6.8,4.6,4.6,23.5,21.3,94.1,-4.3,2006-07,101.7,103.8,107.3,108.6,-5.6,-4.8,0.526,1.22,15.0,0.326,0.697,0.507,0.166,0.483,0.53,90.8,89.36,74.47,7431,0.459
1610612758,Sacramento Kings,82,33,49,0.402,48.3,35.9,79.7,0.45,6.5,18.5,0.35,23.1,30.2,0.765,9.7,29.2,38.9,20.3,14.6,8.2,3.2,4.9,21.9,24.3,101.3,-1.8,2006-07,103.6,105.1,105.2,106.7,-1.7,-1.6,0.566,1.39,15.8,0.267,0.692,0.477,0.151,0.491,0.545,97.2,95.83,79.86,7898,0.485
1610612759,San Antonio Spurs,82,58,24,0.707,48.2,36.6,77.2,0.474,7.3,19.0,0.381,18.1,24.1,0.751,9.3,31.4,40.7,22.1,13.9,7.2,5.1,4.1,19.4,21.2,98.5,8.4,2006-07,106.7,108.6,97.4,99.4,9.2,9.2,0.605,1.6,17.8,0.279,0.715,0.505,0.153,0.521,0.561,92.0,90.22,75.19,7440,0.569
1610612760,Seattle SuperSonics,82,31,51,0.378,48.4,37.2,80.8,0.46,6.4,17.7,0.362,18.4,23.3,0.791,11.3,28.3,39.6,20.7,15.5,7.7,3.7,4.2,22.0,19.9,99.1,-2.9,2006-07,104.1,105.9,107.5,108.9,-3.4,-3.0,0.556,1.34,16.2,0.312,0.676,0.492,0.165,0.499,0.544,94.3,92.92,77.43,7674,0.474
1610612761,Toronto Raptors,82,47,35,0.573,48.2,37.0,79.8,0.463,6.5,17.9,0.363,19.0,24.2,0.788,9.2,30.2,39.5,22.2,13.5,7.1,3.9,3.9,20.4,21.8,99.5,1.0,2006-07,105.0,105.7,103.2,104.4,1.8,1.2,0.601,1.65,17.5,0.25,0.711,0.481,0.143,0.504,0.55,94.7,93.86,78.21,7719,0.514
1610612762,Utah Jazz,82,51,31,0.622,48.3,37.4,78.9,0.474,4.3,12.9,0.335,22.3,30.0,0.743,12.6,30.0,42.5,24.7,15.6,7.0,4.1,5.3,25.2,24.5,101.5,2.9,2006-07,106.7,108.6,104.7,105.6,2.0,3.0,0.659,1.58,18.5,0.352,0.721,0.534,0.167,0.502,0.551,94.1,92.81,77.34,7661,0.531
1610612764,Washington Wizards,82,41,41,0.5,48.4,37.4,83.2,0.45,6.8,19.7,0.348,22.6,29.6,0.765,12.2,29.0,41.2,20.2,13.8,7.7,4.6,4.6,22.2,23.5,104.3,-0.5,2006-07,106.7,108.7,108.0,109.1,-1.3,-0.4,0.541,1.47,15.5,0.312,0.678,0.489,0.144,0.491,0.542,96.7,95.33,79.44,7870,0.485
1610612737,Atlanta Hawks,82,37,45,0.451,48.4,36.3,79.9,0.454,4.7,13.1,0.356,21.0,27.2,0.772,12.3,29.9,42.2,22.0,14.9,7.3,5.5,5.1,20.4,21.9,98.2,-1.8,2007-08,104.0,105.5,105.9,107.3,-2.0,-1.8,0.606,1.48,17.0,0.329,0.682,0.506,0.16,0.483,0.535,93.6,92.35,76.96,7634,0.498
1610612738,Boston Celtics,82,66,16,0.805,48.2,36.4,76.7,0.475,7.3,19.1,0.381,20.5,26.5,0.771,10.1,31.9,42.0,22.4,15.2,8.5,4.6,4.7,22.7,22.2,100.5,10.3,2007-08,107.6,108.8,96.2,98.1,11.5,10.8,0.614,1.47,17.6,0.306,0.707,0.518,0.164,0.522,0.569,93.3,91.88,76.57,7575,0.581
1610612766,Charlotte Bobcats,82,32,50,0.39,48.5,36.1,79.9,0.452,6.5,17.6,0.367,18.4,25.8,0.714,10.9,29.8,40.6,21.3,14.7,7.5,4.9,5.8,21.7,21.0,97.1,-4.4,2007-08,102.1,103.7,106.8,108.2,-4.7,-4.5,0.591,1.45,16.6,0.294,0.674,0.483,0.157,0.492,0.532,94.1,92.75,77.29,7678,0.469
1610612741,Chicago Bulls,82,33,49,0.402,48.3,36.4,83.7,0.435,5.8,15.9,0.363,18.7,24.7,0.756,12.8,30.2,43.0,22.1,14.6,7.7,5.2,5.7,21.8,21.3,97.3,-3.1,2007-08,101.0,102.9,104.2,106.0,-3.2,-3.1,0.606,1.51,16.7,0.325,0.687,0.5,0.154,0.47,0.515,95.7,94.04,78.37,7754,0.48
1610612739,Cleveland Cavaliers,82,45,37,0.549,48.4,35.8,81.7,0.439,6.7,18.8,0.358,18.0,25.1,0.717,13.3,31.3,44.6,20.0,14.0,7.1,5.2,4.7,20.9,20.3,96.4,-0.4,2007-08,103.2,104.8,103.7,105.4,-0.5,-0.6,0.558,1.43,15.7,0.334,0.715,0.518,0.152,0.48,0.52,92.5,91.06,75.89,7540,0.49
1610612742,Dallas Mavericks,82,51,31,0.622,48.1,36.9,79.5,0.464,6.0,17.1,0.352,20.6,25.3,0.814,10.8,32.2,43.0,21.0,12.6,6.0,4.9,4.4,21.8,21.2,100.4,4.5,2007-08,108.6,109.5,103.1,104.7,5.4,4.8,0.569,1.66,16.7,0.3,0.716,0.514,0.138,0.502,0.554,92.5,91.38,76.15,7518,0.536
1610612743,Denver Nuggets,82,50,32,0.61,48.4,40.3,85.8,0.47,6.9,19.6,0.355,23.1,30.7,0.751,11.2,32.9,44.1,24.7,14.7,9.2,6.7,4.8,21.1,23.8,110.7,3.7,2007-08,107.6,108.9,103.2,105.5,4.4,3.4,0.612,1.68,17.7,0.292,0.686,0.494,0.144,0.51,0.557,102.3,100.58,83.82,8330,0.529
1610612765,Detroit Pistons,82,59,23,0.72,48.1,36.6,79.9,0.458,5.9,16.2,0.366,18.4,24.0,0.767,11.9,29.5,41.4,22.3,11.7,7.1,5.8,3.9,20.6,19.7,97.5,7.4,2007-08,108.0,109.8,100.0,101.5,8.0,8.3,0.611,1.92,17.8,0.327,0.7,0.513,0.131,0.495,0.539,89.9,88.54,73.79,7279,0.552
1610612744,Golden State Warriors,82,48,34,0.585,48.2,41.5,90.3,0.459,9.3,26.6,0.348,18.8,24.9,0.752,12.7,30.4,43.2,22.4,13.2,9.1,4.6,5.0,22.9,21.2,111.0,2.2,2007-08,109.1,110.4,106.6,108.5,2.6,1.9,0.539,1.69,16.3,0.301,0.672,0.481,0.131,0.511,0.548,101.4,99.96,83.3,8249,0.496
1610612745,Houston Rockets,82,55,27,0.671,48.1,36.6,81.7,0.448,7.1,20.8,0.342,16.4,22.5,0.726,12.2,32.4,44.6,21.4,13.7,7.3,5.1,4.6,19.6,19.7,96.7,4.7,2007-08,103.9,105.4,98.8,100.5,5.0,4.8,0.585,1.56,16.8,0.323,0.711,0.519,0.15,0.492,0.528,92.9,91.42,76.18,7525,0.535
1610612754,Indiana Pacers,82,36,46,0.439,48.2,37.8,85.3,0.444,9.2,24.6,0.374,19.1,24.9,0.768,11.0,32.1,43.1,22.7,15.1,7.6,5.0,5.1,23.4,21.7,104.0,-1.4,2007-08,103.7,105.1,104.6,106.3,-0.9,-1.2,0.601,1.51,16.9,0.278,0.701,0.487,0.152,0.498,0.54,100.1,98.64,82.2,8111,0.485
1610612746,Los Angeles Clippers,82,23,59,0.28,48.3,34.4,78.6,0.438,4.3,13.2,0.324,20.8,26.6,0.781,9.8,30.4,40.1,21.1,14.4,6.8,4.9,4.7,21.3,21.6,93.8,-7.3,2007-08,98.8,99.9,106.4,107.4,-7.6,-7.5,0.614,1.47,16.7,0.267,0.703,0.484,0.153,0.465,0.519,94.3,93.38,77.82,7698,0.461
1610612747,Los Angeles Lakers,82,57,25,0.695,48.2,39.6,83.1,0.476,8.1,21.4,0.378,21.3,27.7,0.769,11.0,33.2,44.1,24.4,14.1,8.0,5.3,4.5,20.6,22.6,108.6,7.3,2007-08,110.3,111.7,102.8,104.3,7.4,7.3,0.617,1.73,18.1,0.297,0.702,0.507,0.145,0.525,0.57,98.0,96.7,80.58,7974,0.551
1610612763,Memphis Grizzlies,82,22,60,0.268,48.3,37.3,82.2,0.454,7.6,21.7,0.349,18.5,25.6,0.723,10.3,31.3,41.6,19.2,15.3,6.1,4.7,4.9,19.4,22.5,100.7,-6.2,2007-08,102.4,103.9,109.2,110.2,-6.8,-6.3,0.514,1.26,14.9,0.277,0.706,0.489,0.157,0.5,0.539,97.5,96.33,80.27,7945,0.451
1610612748,Miami Heat,82,15,67,0.183,48.4,34.2,77.3,0.443,6.0,16.7,0.358,16.9,23.2,0.727,9.1,28.6,37.6,20.0,14.7,7.2,4.3,4.2,20.4,20.1,91.4,-8.6,2007-08,98.1,99.4,107.1,108.8,-9.0,-9.4,0.585,1.37,16.3,0.264,0.681,0.47,0.159,0.482,0.522,92.5,91.24,76.03,7538,0.445
1610612749,Milwaukee Bucks,82,26,56,0.317,48.4,36.9,82.3,0.449,5.5,16.0,0.344,17.7,24.1,0.733,12.9,28.8,41.7,21.5,14.8,6.6,4.4,4.9,21.3,21.1,97.0,-6.9,2007-08,102.4,103.9,109.8,111.1,-7.5,-7.2,0.582,1.45,16.5,0.332,0.694,0.506,0.158,0.482,0.522,93.8,92.61,77.17,7654,0.452
1610612750,Minnesota Timberwolves,82,22,60,0.268,48.1,37.5,83.1,0.451,5.4,15.4,0.35,15.2,20.6,0.736,11.8,29.6,41.4,19.9,14.5,7.5,3.7,5.7,23.0,17.5,95.6,-6.8,2007-08,100.7,102.7,108.9,110.0,-8.2,-7.3,0.53,1.37,15.6,0.314,0.703,0.501,0.156,0.484,0.518,94.2,92.84,77.37,7632,0.435
1610612751,New Jersey Nets,82,34,48,0.415,48.4,34.8,78.7,0.443,6.1,17.4,0.348,20.1,27.3,0.736,11.1,30.7,41.9,23.5,15.0,6.4,4.8,4.4,22.6,22.4,95.8,-5.1,2007-08,101.4,102.3,106.6,107.7,-5.2,-5.4,0.674,1.57,18.0,0.3,0.706,0.502,0.16,0.481,0.528,93.9,92.96,77.46,7679,0.475
1610612740,New Orleans Hornets,82,56,26,0.683,48.3,38.6,82.9,0.466,7.7,19.8,0.389,16.0,20.8,0.769,11.4,30.4,41.8,21.8,11.9,7.8,3.9,4.0,18.7,19.2,100.9,5.3,2007-08,109.0,110.0,102.9,104.4,6.2,5.6,0.564,1.83,17.2,0.3,0.717,0.506,0.13,0.512,0.548,92.1,91.04,75.86,7517,0.526
1610612752,New York Knicks,82,23,59,0.28,48.5,36.2,82.4,0.439,6.0,17.7,0.337,18.6,25.5,0.727,12.5,30.0,42.5,18.7,14.5,6.4,2.6,5.2,21.5,20.3,96.9,-6.6,2007-08,101.4,103.5,109.6,110.4,-8.2,-6.8,0.516,1.29,14.7,0.321,0.697,0.502,0.155,0.475,0.518,94.1,92.76,77.3,7676,0.44
1610612753,Orlando Magic,82,52,30,0.634,48.2,37.3,78.6,0.474,9.8,25.3,0.386,20.1,27.9,0.721,9.4,32.6,42.0,20.8,14.3,6.3,4.1,4.2,20.6,23.1,104.5,5.5,2007-08,109.0,110.4,102.7,104.9,6.3,5.6,0.558,1.45,16.4,0.274,0.709,0.501,0.151,0.537,0.575,95.6,94.02,78.35,7757,0.529
1610612755,Philadelphia 76ers,82,40,42,0.488,48.2,37.3,81.1,0.46,3.7,11.6,0.317,18.4,26.1,0.706,13.0,28.9,41.9,20.4,14.3,8.7,4.9,5.1,19.8,20.8,96.6,0.4,2007-08,103.0,105.1,103.4,104.7,-0.4,0.5,0.547,1.43,15.9,0.351,0.688,0.515,0.156,0.482,0.522,93.1,91.56,76.3,7536,0.5
1610612756,Phoenix Suns,82,55,27,0.671,48.2,41.4,82.7,0.5,8.5,21.5,0.393,18.9,24.1,0.783,8.8,32.7,41.5,26.7,14.4,6.5,6.3,3.8,19.9,21.1,110.1,5.0,2007-08,111.2,112.0,104.9,107.0,6.3,5.0,0.645,1.85,19.7,0.253,0.674,0.481,0.147,0.551,0.59,99.0,97.72,81.43,8058,0.556
1610612757,Portland Trail Blazers,82,41,41,0.5,48.5,35.8,79.8,0.448,6.6,17.4,0.377,17.2,22.5,0.767,11.0,29.7,40.7,21.1,12.9,5.5,4.4,3.7,20.0,20.2,95.4,-1.0,2007-08,104.1,105.9,105.5,106.8,-1.4,-0.8,0.59,1.64,17.0,0.303,0.684,0.495,0.143,0.489,0.532,90.4,89.1,74.25,7381,0.495
1610612758,Sacramento Kings,82,38,44,0.463,48.4,37.1,80.0,0.464,6.2,16.7,0.373,22.1,27.7,0.798,10.1,30.0,40.1,19.1,16.1,7.9,4.1,5.5,22.4,23.1,102.5,-2.3,2007-08,104.5,106.2,107.2,108.6,-2.7,-2.4,0.515,1.19,14.9,0.29,0.689,0.493,0.166,0.503,0.556,97.2,95.81,79.84,7920,0.483
1610612759,San Antonio Spurs,82,56,26,0.683,48.1,35.8,78.3,0.457,7.2,19.6,0.369,16.5,21.6,0.761,9.4,31.9,41.3,21.0,12.6,6.4,4.1,4.4,18.7,19.8,95.4,4.8,2007-08,104.7,106.0,99.5,100.7,5.2,5.3,0.585,1.66,17.1,0.268,0.733,0.503,0.14,0.504,0.543,90.8,89.72,74.77,7377,0.533
1610612760,Seattle SuperSonics,82,20,62,0.244,48.4,38.1,85.8,0.444,3.8,11.5,0.333,17.5,22.8,0.77,11.8,32.8,44.6,21.3,16.0,6.5,4.9,5.4,20.5,19.6,97.5,-8.8,2007-08,97.6,99.6,106.9,108.3,-9.2,-8.6,0.559,1.33,15.9,0.305,0.7,0.502,0.163,0.467,0.509,98.9,97.32,81.1,8030,0.45
1610612761,Toronto Raptors,82,41,41,0.5,48.4,38.4,82.0,0.468,7.0,17.8,0.392,16.4,20.2,0.812,9.6,30.4,40.1,23.8,11.7,7.0,4.1,4.1,19.5,18.4,100.2,2.9,2007-08,107.7,108.9,104.3,105.6,3.5,3.3,0.62,2.04,18.7,0.269,0.709,0.489,0.127,0.511,0.551,92.4,91.35,76.13,7543,0.519
1610612762,Utah Jazz,82,54,28,0.659,48.1,40.0,80.4,0.497,5.0,13.4,0.372,21.3,28.0,0.759,11.5,29.4,40.9,26.4,14.6,8.7,4.3,5.1,24.0,23.1,106.2,6.9,2007-08,110.8,112.1,104.0,104.9,6.8,7.2,0.66,1.8,19.6,0.327,0.71,0.521,0.154,0.528,0.573,95.6,94.64,78.86,7773,0.556
1610612764,Washington Wizards,82,43,39,0.524,48.5,36.4,81.6,0.446,7.0,19.7,0.356,19.0,24.3,0.782,12.3,29.3,41.6,19.6,13.2,7.7,4.8,4.4,19.6,20.2,98.8,-0.3,2007-08,106.0,107.6,106.8,107.9,-0.8,-0.3,0.538,1.49,15.6,0.32,0.695,0.503,0.144,0.489,0.535,92.0,90.85,75.71,7533,0.488
1610612737,Atlanta Hawks,82,47,35,0.573,48.1,36.0,78.7,0.458,7.3,19.9,0.366,18.7,25.4,0.737,10.6,29.4,40.0,20.2,12.8,7.4,4.6,4.3,19.6,20.5,98.1,1.6,2008-09,106.6,108.3,104.6,106.7,2.0,1.7,0.561,1.58,16.4,0.295,0.682,0.49,0.141,0.504,0.546,92.0,90.44,75.37,7428,0.507
1610612738,Boston Celtics,82,62,20,0.756,48.5,37.5,77.2,0.486,6.6,16.5,0.397,19.4,25.3,0.765,10.6,31.5,42.1,22.7,15.6,7.6,4.7,4.7,23.1,22.2,100.9,7.5,2008-09,108.1,109.5,99.4,101.6,8.7,7.9,0.606,1.45,17.8,0.314,0.715,0.524,0.169,0.528,0.571,92.7,91.15,75.96,7560,0.562
1610612766,Charlotte Bobcats,82,35,47,0.427,48.6,35.0,76.8,0.455,6.0,16.3,0.366,17.7,24.0,0.74,10.8,28.9,39.7,21.2,15.6,7.1,4.8,6.0,21.4,20.9,93.6,-1.3,2008-09,101.6,103.7,103.4,105.0,-1.8,-1.3,0.607,1.36,17.0,0.321,0.686,0.504,0.173,0.494,0.536,90.8,89.18,74.32,7401,0.495
1610612741,Chicago Bulls,82,41,41,0.5,48.6,38.1,83.5,0.457,6.0,15.8,0.381,19.9,25.0,0.796,11.8,30.3,42.1,21.1,14.5,7.5,5.5,5.5,20.8,20.8,102.2,-0.3,2008-09,105.1,107.2,105.8,107.5,-0.7,-0.3,0.554,1.45,16.1,0.321,0.675,0.498,0.153,0.493,0.541,95.8,94.1,78.42,7816,0.499
1610612739,Cleveland Cavaliers,82,66,16,0.805,48.2,36.9,78.7,0.468,8.0,20.4,0.393,18.6,24.5,0.757,10.8,31.4,42.2,20.3,12.7,7.2,5.3,4.1,20.3,20.3,100.3,8.9,2008-09,109.7,111.2,99.4,101.6,10.3,9.6,0.55,1.59,16.4,0.306,0.707,0.512,0.141,0.519,0.56,91.2,89.61,74.67,7395,0.559
1610612742,Dallas Mavericks,82,50,32,0.61,48.3,38.1,82.6,0.462,7.0,19.9,0.35,18.5,22.6,0.819,11.1,31.6,42.7,21.7,12.7,7.2,5.2,4.1,19.5,20.1,101.7,2.0,2008-09,108.1,109.0,105.3,107.0,2.8,2.0,0.569,1.71,17.0,0.297,0.707,0.504,0.136,0.504,0.55,93.9,92.68,77.23,7651,0.522
1610612743,Denver Nuggets,82,54,28,0.659,48.1,37.3,79.4,0.47,6.7,18.0,0.371,23.1,30.3,0.76,11.0,30.6,41.6,22.2,15.3,8.7,6.0,5.5,22.9,23.7,104.3,3.4,2008-09,107.5,109.0,103.5,105.6,4.0,3.4,0.595,1.45,16.9,0.311,0.683,0.503,0.16,0.512,0.563,97.0,95.39,79.49,7848,0.529
1610612765,Detroit Pistons,82,39,43,0.476,48.5,36.4,80.0,0.454,4.6,13.2,0.349,16.9,22.5,0.751,11.6,29.9,41.4,20.6,11.9,6.0,4.6,4.2,20.9,19.7,94.2,-0.5,2008-09,104.5,105.8,105.2,106.4,-0.8,-0.6,0.567,1.74,16.7,0.311,0.711,0.508,0.133,0.483,0.524,89.1,88.02,73.35,7302,0.496
1610612744,Golden State Warriors,82,29,53,0.354,48.5,39.4,86.0,0.458,6.7,18.0,0.373,23.1,29.2,0.791,11.6,30.4,42.0,20.9,14.6,7.8,6.4,5.0,22.5,23.5,108.6,-3.7,2008-09,106.6,108.0,110.1,111.7,-3.5,-3.7,0.53,1.42,15.4,0.293,0.652,0.473,0.146,0.497,0.549,101.0,99.57,82.97,8247,0.478
1610612745,Houston Rockets,82,53,29,0.646,48.3,36.1,79.6,0.453,7.6,20.2,0.375,18.7,23.2,0.805,10.5,32.5,43.0,20.3,14.1,6.7,4.3,5.3,18.9,20.6,98.4,4.0,2008-09,105.4,107.1,101.4,102.9,4.0,4.2,0.562,1.44,16.2,0.308,0.714,0.517,0.154,0.501,0.548,92.7,91.23,76.02,7532,0.53
1610612754,Indiana Pacers,82,36,46,0.439,48.4,39.3,86.3,0.455,8.0,21.0,0.378,18.6,23.0,0.807,11.3,32.5,43.7,21.6,14.5,7.0,5.3,5.4,23.1,20.6,105.1,-1.1,2008-09,105.4,107.2,106.5,108.2,-1.2,-1.0,0.551,1.49,16.3,0.291,0.707,0.498,0.148,0.501,0.545,98.9,97.34,81.12,8037,0.489
1610612746,Los Angeles Clippers,82,19,63,0.232,48.5,36.0,81.7,0.441,6.5,18.5,0.354,16.5,22.4,0.736,10.9,29.0,39.8,21.0,14.9,7.0,5.9,5.0,20.1,19.6,95.1,-8.8,2008-09,99.5,101.0,108.8,110.1,-9.2,-9.2,0.583,1.41,16.4,0.287,0.679,0.479,0.158,0.481,0.52,94.6,93.3,77.75,7723,0.441
1610612747,Los Angeles Lakers,82,65,17,0.793,48.2,40.3,85.1,0.474,6.7,18.5,0.361,19.6,25.5,0.77,12.4,31.5,43.9,23.3,13.5,8.8,5.1,4.8,20.7,22.1,106.9,7.7,2008-09,109.8,111.4,101.9,103.5,7.9,7.9,0.577,1.73,17.3,0.326,0.698,0.514,0.14,0.513,0.555,96.9,95.49,79.58,7874,0.547
1610612763,Memphis Grizzlies,82,24,58,0.293,48.3,34.9,77.0,0.454,4.9,13.5,0.36,19.1,25.3,0.756,10.3,28.5,38.8,17.4,15.3,7.5,4.7,5.4,21.7,21.8,93.9,-5.5,2008-09,100.9,102.3,106.8,108.2,-5.9,-6.0,0.497,1.14,14.2,0.297,0.697,0.495,0.166,0.486,0.533,92.5,91.22,76.02,7528,0.457
1610612748,Miami Heat,82,43,39,0.524,48.7,37.0,81.0,0.457,7.1,19.9,0.357,17.2,22.8,0.754,10.1,29.4,39.5,20.4,12.5,7.9,5.5,4.1,20.7,19.9,98.3,0.3,2008-09,105.1,106.8,104.7,106.5,0.4,0.3,0.551,1.63,16.3,0.282,0.693,0.484,0.136,0.5,0.54,92.3,90.8,75.67,7547,0.505
1610612749,Milwaukee Bucks,82,34,48,0.415,48.2,36.7,82.4,0.445,6.2,17.2,0.363,19.7,25.2,0.78,11.9,28.9,40.7,22.0,14.1,7.4,3.8,4.6,24.2,22.5,99.3,-1.1,2008-09,103.8,105.2,104.9,106.3,-1.2,-1.1,0.599,1.56,16.8,0.31,0.699,0.496,0.149,0.483,0.531,95.2,93.89,78.25,7736,0.485
1610612750,Minnesota Timberwolves,82,24,58,0.293,48.3,36.4,82.5,0.441,6.6,18.8,0.353,18.3,23.9,0.769,11.9,29.8,41.7,20.4,14.2,6.2,3.9,5.9,21.8,20.0,97.8,-4.9,2008-09,102.6,104.9,109.1,109.9,-6.5,-5.0,0.561,1.44,15.9,0.321,0.717,0.511,0.152,0.481,0.526,94.1,92.76,77.3,7645,0.453
1610612751,New Jersey Nets,82,34,48,0.415,48.4,35.7,79.7,0.448,8.0,21.2,0.376,18.8,24.1,0.779,10.4,29.5,39.8,20.0,13.1,6.8,4.8,4.8,22.4,20.5,98.1,-2.4,2008-09,105.4,106.8,108.2,109.5,-2.8,-2.7,0.559,1.52,16.0,0.288,0.703,0.493,0.143,0.497,0.543,92.3,91.12,75.94,7530,0.474
1610612740,New Orleans Hornets,82,49,33,0.598,48.2,35.5,77.6,0.457,6.8,18.6,0.364,18.0,22.4,0.807,9.8,29.9,39.7,19.6,12.5,7.2,4.1,3.5,20.3,20.4,95.8,1.5,2008-09,106.2,107.6,104.1,105.8,2.0,1.8,0.553,1.56,16.3,0.282,0.707,0.496,0.141,0.501,0.548,90.0,88.74,73.95,7303,0.515
1610612752,New York Knicks,82,32,50,0.39,48.3,38.5,86.5,0.445,10.0,27.9,0.36,18.2,23.2,0.784,11.1,31.0,42.1,21.2,14.3,7.4,2.5,5.3,20.4,19.4,105.2,-2.6,2008-09,105.3,107.0,108.4,109.4,-3.1,-2.5,0.551,1.48,16.0,0.277,0.696,0.48,0.146,0.503,0.544,99.0,97.82,81.51,8066,0.467
1610612760,Oklahoma City Thunder,82,23,59,0.28,48.3,36.6,81.9,0.447,4.0,11.6,0.346,19.8,25.2,0.786,12.2,30.5,42.6,20.3,16.2,7.4,4.5,5.0,20.2,20.2,97.0,-6.1,2008-09,99.9,101.4,106.9,107.6,-7.0,-6.2,0.555,1.25,15.6,0.309,0.716,0.508,0.17,0.471,0.521,96.1,95.1,79.25,7841,0.464
1610612753,Orlando Magic,82,59,23,0.72,48.1,35.7,78.2,0.457,10.0,26.2,0.381,19.6,27.5,0.715,10.0,33.3,43.3,19.4,13.9,7.0,5.4,3.8,20.3,22.4,101.0,6.7,2008-09,107.2,108.3,98.9,101.3,8.3,7.1,0.544,1.39,15.6,0.273,0.717,0.502,0.149,0.52,0.559,94.6,92.99,77.49,7649,0.545
1610612755,Philadelphia 76ers,82,41,41,0.5,48.2,36.5,79.7,0.459,4.2,13.1,0.318,20.1,27.0,0.745,12.7,28.5,41.2,20.1,14.1,8.0,5.1,4.9,20.1,21.8,97.4,0.1,2008-09,104.7,106.3,104.7,106.1,0.0,0.2,0.55,1.42,15.8,0.342,0.68,0.508,0.154,0.485,0.532,92.6,91.3,76.09,7512,0.503
1610612756,Phoenix Suns,82,46,36,0.561,48.2,41.1,81.6,0.504,6.7,17.6,0.383,20.4,27.5,0.744,11.0,30.7,41.7,23.2,15.7,7.2,5.1,4.5,20.6,22.9,109.4,1.9,2008-09,111.2,112.4,108.5,110.4,2.6,2.0,0.565,1.48,17.4,0.308,0.682,0.503,0.161,0.545,0.584,98.4,96.99,80.83,7984,0.525
1610612757,Portland Trail Blazers,82,54,28,0.659,48.4,36.8,79.2,0.465,7.3,19.0,0.383,18.5,24.2,0.765,12.9,28.8,41.7,20.3,12.9,6.7,4.9,3.9,20.4,21.1,99.4,5.3,2008-09,110.7,112.1,104.5,106.1,6.2,6.0,0.552,1.58,16.4,0.355,0.708,0.528,0.145,0.511,0.553,89.2,88.02,73.35,7273,0.531
1610612758,Sacramento Kings,82,17,65,0.207,48.5,36.5,81.5,0.447,7.1,19.4,0.368,20.5,25.7,0.798,10.2,28.9,39.1,19.7,15.4,6.9,4.3,5.2,23.3,21.2,100.6,-8.8,2008-09,102.6,104.4,111.9,113.4,-9.3,-9.0,0.541,1.28,15.3,0.289,0.669,0.477,0.16,0.491,0.542,96.8,95.29,79.41,7901,0.44
1610612759,San Antonio Spurs,82,54,28,0.659,48.5,37.1,79.7,0.466,7.6,19.8,0.386,15.2,20.0,0.761,8.9,32.2,41.0,21.2,11.7,5.8,4.0,4.3,18.9,18.4,97.0,3.8,2008-09,106.2,107.6,102.0,103.4,4.3,4.2,0.571,1.8,17.3,0.258,0.74,0.502,0.13,0.513,0.548,90.4,89.19,74.32,7395,0.523
1610612761,Toronto Raptors,82,33,49,0.402,48.3,37.2,81.4,0.458,5.8,15.7,0.372,18.7,22.7,0.824,9.8,30.6,40.4,22.4,13.4,6.4,4.8,4.7,19.4,20.1,99.0,-2.8,2008-09,104.3,105.5,107.1,108.6,-2.8,-3.0,0.601,1.67,17.5,0.276,0.706,0.493,0.143,0.494,0.542,94.4,93.26,77.71,7697,0.492
1610612762,Utah Jazz,82,48,34,0.585,48.5,38.3,80.8,0.475,4.8,13.7,0.349,22.1,28.7,0.771,11.5,29.5,41.0,24.7,14.8,8.8,4.6,5.2,22.3,24.0,103.6,2.6,2008-09,107.1,108.5,104.7,105.8,2.5,2.7,0.644,1.67,18.4,0.316,0.693,0.505,0.155,0.504,0.554,95.6,94.47,78.73,7827,0.535
1610612764,Washington Wizards,82,19,63,0.232,48.1,36.5,81.2,0.45,4.8,14.6,0.33,18.2,23.8,0.767,11.7,28.4,40.1,20.0,14.0,7.5,4.5,5.3,20.5,20.0,96.1,-7.5,2008-09,102.3,104.0,111.2,112.1,-8.9,-8.1,0.548,1.43,15.8,0.313,0.689,0.495,0.151,0.48,0.524,93.4,92.26,76.88,7576,0.448
1610612737,Atlanta Hawks,82,53,29,0.646,48.4,38.8,82.9,0.468,6.4,17.7,0.36,17.7,23.3,0.759,11.8,29.9,41.7,21.8,12.0,7.2,5.0,4.4,19.9,19.3,101.7,4.7,2009-10,108.9,111.0,104.0,106.0,4.9,4.9,0.562,1.83,17.1,0.32,0.685,0.502,0.13,0.506,0.545,92.5,90.77,75.64,7515,0.523
1610612738,Boston Celtics,82,50,32,0.61,48.2,37.1,76.8,0.483,6.1,17.5,0.348,19.0,25.5,0.746,8.7,29.9,38.6,23.5,14.9,8.5,4.9,4.7,22.1,21.7,99.2,3.7,2009-10,105.4,106.9,101.1,103.2,4.3,3.7,0.635,1.58,18.5,0.274,0.697,0.493,0.16,0.522,0.564,93.8,92.22,76.85,7609,0.54
1610612766,Charlotte Bobcats,82,44,38,0.537,48.5,34.9,76.9,0.453,5.6,16.2,0.346,20.0,26.6,0.751,10.5,30.4,40.8,20.2,15.7,7.7,5.4,6.1,19.5,22.0,95.3,1.5,2009-10,101.5,103.9,100.2,102.0,1.3,1.9,0.58,1.29,16.1,0.315,0.698,0.51,0.172,0.49,0.538,92.8,90.91,75.75,7519,0.518
1610612741,Chicago Bulls,82,41,41,0.5,48.5,37.6,83.2,0.451,4.3,13.0,0.33,18.0,23.9,0.754,11.4,33.1,44.5,20.8,14.3,6.5,5.8,5.3,20.1,20.0,97.5,-1.6,2009-10,100.8,102.6,102.6,104.2,-1.8,-1.6,0.553,1.45,16.0,0.303,0.709,0.509,0.151,0.477,0.52,95.5,94.02,78.35,7794,0.5
1610612739,Cleveland Cavaliers,82,61,21,0.744,48.2,37.8,77.9,0.485,7.3,19.3,0.381,19.1,26.6,0.72,9.6,32.8,42.5,22.4,13.9,6.9,5.2,4.0,19.4,20.8,102.1,6.5,2009-10,108.8,110.6,101.5,103.8,7.3,6.8,0.592,1.61,17.7,0.293,0.725,0.519,0.15,0.532,0.57,93.5,91.77,76.48,7573,0.552
1610612742,Dallas Mavericks,82,55,27,0.671,48.5,38.3,82.4,0.464,6.8,18.3,0.372,18.6,22.8,0.816,10.2,31.5,41.7,23.4,12.9,7.6,5.5,4.1,19.1,20.1,102.0,2.7,2009-10,107.1,107.8,103.2,105.0,4.0,2.8,0.611,1.81,18.0,0.279,0.697,0.493,0.137,0.506,0.552,94.8,93.6,78.0,7757,0.534
1610612743,Denver Nuggets,82,53,29,0.646,48.2,38.1,81.4,0.468,6.6,18.5,0.359,23.6,30.6,0.772,10.8,30.5,41.4,21.0,13.9,8.3,5.1,5.3,22.5,23.7,106.5,4.1,2009-10,108.7,110.8,104.7,106.5,4.0,4.4,0.55,1.51,16.1,0.304,0.687,0.498,0.144,0.509,0.561,97.3,95.61,79.68,7876,0.524
1610612765,Detroit Pistons,82,27,55,0.329,48.2,35.9,80.5,0.445,4.6,14.5,0.314,17.7,24.4,0.728,12.8,27.3,40.2,19.4,13.4,7.3,3.8,4.9,22.2,20.8,94.0,-5.1,2009-10,102.4,104.5,108.9,110.3,-6.5,-5.9,0.541,1.45,15.5,0.346,0.697,0.51,0.149,0.474,0.515,91.0,89.46,74.55,7379,0.448
1610612744,Golden State Warriors,82,26,56,0.317,48.1,40.6,86.5,0.469,7.7,20.6,0.375,19.9,25.4,0.782,9.2,29.2,38.4,22.4,14.7,9.3,4.1,5.0,23.0,21.4,108.8,-3.6,2009-10,105.4,107.0,109.4,110.3,-3.9,-3.3,0.552,1.53,16.5,0.254,0.659,0.453,0.144,0.514,0.557,102.7,101.52,84.6,8338,0.47
1610612745,Houston Rockets,82,42,40,0.512,48.5,37.7,84.4,0.447,7.9,22.4,0.351,19.0,24.7,0.772,11.8,30.1,42.0,21.8,14.5,7.1,3.9,6.5,20.9,22.4,102.4,-0.4,2009-10,104.5,106.8,105.5,106.8,-1.0,0.0,0.579,1.51,16.5,0.309,0.699,0.498,0.151,0.494,0.537,96.5,94.91,79.1,7857,0.489
1610612754,Indiana Pacers,82,32,50,0.39,48.1,36.8,83.2,0.443,8.0,23.1,0.348,19.1,24.6,0.775,9.6,31.9,41.5,21.1,15.0,7.1,5.4,5.0,22.5,20.8,100.8,-3.0,2009-10,101.3,103.0,104.2,106.0,-2.9,-3.0,0.573,1.4,16.1,0.255,0.69,0.473,0.154,0.491,0.536,99.4,97.77,81.48,8024,0.476
1610612746,Los Angeles Clippers,82,29,53,0.354,48.1,36.6,80.5,0.455,5.9,17.8,0.332,16.6,22.8,0.73,11.3,30.5,41.8,22.1,15.7,6.5,5.7,4.4,19.3,19.4,95.7,-6.4,2009-10,100.9,102.3,107.1,109.1,-6.3,-6.8,0.603,1.41,17.1,0.305,0.697,0.5,0.168,0.491,0.529,95.0,93.44,77.86,7670,0.465
1610612747,Los Angeles Lakers,82,57,25,0.695,48.4,38.3,83.8,0.457,6.5,19.0,0.341,18.5,24.2,0.765,11.9,32.5,44.3,21.1,13.4,7.5,4.9,4.4,19.4,21.2,101.7,4.7,2009-10,105.9,107.6,101.1,102.7,4.9,4.9,0.55,1.58,16.2,0.314,0.708,0.512,0.141,0.496,0.538,95.2,93.73,78.11,7749,0.529
1610612763,Memphis Grizzlies,82,40,42,0.488,48.5,39.3,83.8,0.469,4.2,12.4,0.337,19.7,26.9,0.733,13.0,30.4,43.5,18.8,15.2,7.9,4.9,6.1,20.2,22.4,102.5,-1.5,2009-10,104.8,107.5,107.6,109.0,-2.9,-1.5,0.479,1.24,14.4,0.355,0.698,0.523,0.16,0.494,0.536,96.1,94.29,78.58,7816,0.486
1610612748,Miami Heat,82,47,35,0.573,48.5,36.4,79.5,0.458,6.0,17.4,0.346,17.7,23.5,0.752,10.7,31.1,41.8,18.9,13.2,7.4,5.6,4.3,20.9,20.0,96.5,2.3,2009-10,104.5,105.7,100.9,103.4,3.6,2.4,0.519,1.43,15.4,0.294,0.701,0.5,0.144,0.496,0.537,91.9,90.3,75.25,7485,0.522
1610612749,Milwaukee Bucks,82,46,36,0.561,48.7,37.2,85.3,0.436,7.9,22.1,0.356,15.4,20.4,0.755,11.8,31.2,43.0,21.2,13.2,7.1,4.7,5.1,22.2,20.3,97.7,1.7,2009-10,102.0,104.0,100.9,101.9,1.0,2.1,0.57,1.6,16.4,0.298,0.726,0.501,0.141,0.482,0.518,94.0,92.6,77.17,7698,0.495
1610612750,Minnesota Timberwolves,82,15,67,0.183,48.2,37.9,84.4,0.449,4.9,14.4,0.341,17.5,23.5,0.746,11.7,31.2,42.9,19.8,16.3,7.3,3.7,5.4,20.7,20.6,98.2,-9.6,2009-10,98.9,100.6,109.3,110.4,-10.4,-9.8,0.524,1.22,15.0,0.308,0.705,0.501,0.167,0.478,0.518,98.5,97.12,80.94,8002,0.432
1610612751,New Jersey Nets,82,12,70,0.146,48.2,34.3,79.9,0.429,4.6,14.5,0.318,19.2,24.6,0.78,10.9,28.8,39.7,18.8,14.4,7.0,4.8,5.1,20.0,20.1,92.4,-9.1,2009-10,98.1,99.3,108.0,108.9,-10.0,-9.6,0.547,1.3,15.1,0.285,0.686,0.478,0.155,0.458,0.509,93.6,92.65,77.2,7628,0.429
1610612740,New Orleans Hornets,82,37,45,0.451,48.4,38.8,83.4,0.464,7.0,19.2,0.363,15.8,20.3,0.778,10.4,29.9,40.3,22.3,13.5,7.6,3.7,4.5,19.6,19.5,100.2,-2.5,2009-10,105.1,106.5,107.3,108.9,-2.3,-2.4,0.575,1.66,17.3,0.282,0.696,0.486,0.143,0.506,0.543,94.8,93.53,77.94,7721,0.484
1610612752,New York Knicks,82,29,53,0.354,48.5,38.1,83.9,0.455,9.1,26.2,0.346,16.8,21.5,0.782,10.2,30.2,40.4,21.6,14.0,7.1,3.7,4.5,20.0,19.2,102.1,-3.8,2009-10,105.2,106.4,109.1,110.3,-4.0,-4.0,0.567,1.54,16.6,0.268,0.691,0.476,0.146,0.509,0.547,96.1,95.03,79.2,7872,0.474
1610612760,Oklahoma City Thunder,82,50,32,0.61,48.3,37.4,80.8,0.462,5.1,15.0,0.34,21.7,27.0,0.805,11.7,31.8,43.5,20.0,15.0,8.0,5.9,4.7,21.3,21.4,101.5,3.5,2009-10,105.8,107.0,101.6,103.5,4.1,3.5,0.535,1.34,15.5,0.32,0.694,0.511,0.158,0.494,0.547,95.6,94.13,78.44,7774,0.532
1610612753,Orlando Magic,82,59,23,0.72,48.1,36.6,78.0,0.47,10.3,27.3,0.375,19.2,26.5,0.724,9.9,33.4,43.2,19.7,14.1,6.2,5.6,3.5,19.9,22.2,102.8,7.5,2009-10,109.5,110.7,100.2,102.8,9.3,7.9,0.537,1.4,15.8,0.28,0.726,0.512,0.152,0.536,0.573,94.2,92.54,77.12,7614,0.551
1610612755,Philadelphia 76ers,82,27,55,0.329,48.3,37.6,81.8,0.46,5.8,16.8,0.343,16.7,22.0,0.756,11.5,29.5,41.0,21.0,14.5,8.1,5.4,4.0,20.5,18.7,97.7,-3.9,2009-10,103.4,104.8,107.6,108.9,-4.2,-4.1,0.558,1.45,16.4,0.31,0.693,0.498,0.156,0.496,0.534,93.9,92.72,77.26,7648,0.478
1610612756,Phoenix Suns,82,54,28,0.659,48.1,40.7,82.8,0.492,8.9,21.6,0.412,19.9,25.8,0.77,11.1,31.9,43.0,23.3,14.8,5.8,5.1,4.5,20.9,21.8,110.2,4.9,2009-10,112.7,113.9,106.9,109.1,5.8,4.8,0.573,1.58,17.5,0.311,0.673,0.503,0.152,0.546,0.585,97.9,96.43,80.36,7937,0.536
1610612757,Portland Trail Blazers,82,50,32,0.61,48.4,36.3,78.7,0.461,6.0,16.9,0.354,19.6,24.8,0.79,11.1,29.1,40.2,20.4,12.3,6.4,4.3,4.1,20.9,21.5,98.1,3.3,2009-10,108.0,109.6,104.0,106.1,4.1,3.5,0.563,1.65,16.6,0.32,0.702,0.51,0.138,0.499,0.547,90.2,88.64,73.87,7339,0.525
1610612758,Sacramento Kings,82,25,57,0.305,48.5,38.3,84.1,0.456,5.9,16.9,0.349,17.4,24.0,0.726,11.9,30.7,42.6,20.5,15.0,6.9,4.5,5.7,22.3,20.1,100.0,-4.4,2009-10,102.4,104.4,107.2,109.1,-4.8,-4.7,0.534,1.37,15.7,0.315,0.7,0.504,0.156,0.491,0.528,96.5,94.78,78.98,7855,0.467
1610612759,San Antonio Spurs,82,50,32,0.61,48.2,38.4,81.2,0.473,6.8,18.9,0.358,17.8,24.0,0.74,10.8,32.0,42.8,22.3,13.6,6.3,4.6,5.1,20.4,20.4,101.4,5.1,2009-10,107.2,109.3,102.0,103.9,5.2,5.4,0.581,1.64,17.4,0.303,0.72,0.515,0.147,0.515,0.552,94.0,92.26,76.88,7605,0.532
1610612761,Toronto Raptors,82,40,42,0.488,48.2,39.0,80.9,0.482,6.3,17.0,0.371,19.7,25.8,0.764,9.8,30.6,40.4,22.0,13.4,5.7,4.7,4.4,22.2,21.1,104.1,-1.8,2009-10,108.6,110.2,110.2,112.2,-1.6,-2.0,0.564,1.64,17.1,0.288,0.692,0.495,0.142,0.521,0.564,95.4,93.94,78.29,7746,0.489
1610612762,Utah Jazz,82,53,29,0.646,48.2,39.4,80.2,0.491,5.4,14.7,0.364,20.2,27.2,0.741,10.6,31.6,42.2,26.7,15.2,8.2,4.9,5.4,22.7,22.2,104.2,5.3,2009-10,107.8,109.7,102.9,104.0,4.8,5.7,0.678,1.76,19.8,0.313,0.718,0.52,0.16,0.524,0.565,96.0,94.68,78.9,7791,0.55
1610612764,Washington Wizards,82,26,56,0.317,48.4,36.7,81.7,0.449,5.3,14.9,0.353,17.6,23.1,0.762,11.8,30.0,41.8,19.0,14.9,6.0,5.1,5.1,21.4,20.5,96.2,-4.8,2009-10,101.4,103.1,106.7,108.3,-5.4,-5.3,0.518,1.28,15.0,0.317,0.691,0.501,0.159,0.481,0.524,94.1,92.6,77.17,7656,0.462
1610612737,Atlanta Hawks,82,44,38,0.537,48.1,36.2,78.4,0.462,6.1,17.4,0.352,16.4,21.1,0.779,9.3,30.0,39.3,22.0,13.6,6.1,4.2,4.2,19.0,18.5,95.0,-0.8,2010-11,103.2,105.1,104.6,105.8,-1.4,-0.7,0.607,1.61,17.7,0.274,0.71,0.494,0.151,0.501,0.542,91.6,90.22,75.18,7410,0.493
1610612738,Boston Celtics,82,56,26,0.683,48.2,36.9,75.8,0.486,5.0,13.6,0.365,17.8,23.1,0.77,7.8,31.0,38.8,23.4,14.6,8.2,4.2,4.4,20.5,20.2,96.5,5.4,2010-11,104.0,105.5,97.8,99.8,6.2,5.7,0.635,1.61,18.8,0.257,0.709,0.497,0.159,0.519,0.561,92.5,90.92,75.77,7500,0.558
1610612766,Charlotte Bobcats,82,34,48,0.415,48.3,35.0,77.6,0.451,4.8,14.7,0.327,18.4,24.4,0.756,10.3,29.8,40.1,21.1,14.5,6.4,5.3,6.0,20.0,21.1,93.3,-4.0,2010-11,100.8,102.8,104.8,107.0,-4.0,-4.2,0.601,1.45,16.9,0.298,0.705,0.502,0.16,0.482,0.528,92.1,90.3,75.25,7444,0.48
1610612741,Chicago Bulls,82,62,20,0.756,48.4,37.1,80.3,0.462,6.2,17.3,0.361,18.2,24.5,0.743,11.8,32.4,44.2,22.3,14.2,7.2,5.7,5.8,20.0,20.1,98.6,7.3,2010-11,105.5,107.2,97.4,99.5,8.1,7.8,0.601,1.57,17.3,0.332,0.717,0.528,0.154,0.501,0.541,92.9,91.2,76.0,7542,0.555
1610612739,Cleveland Cavaliers,82,19,63,0.232,48.2,35.2,81.1,0.434,6.2,18.2,0.342,18.9,25.3,0.745,10.4,29.9,40.3,21.0,14.2,6.6,4.2,6.0,20.1,21.3,95.5,-9.0,2010-11,99.5,101.5,109.1,110.9,-9.6,-9.5,0.596,1.48,16.4,0.283,0.699,0.485,0.151,0.472,0.518,95.5,93.76,78.14,7715,0.441
1610612742,Dallas Mavericks,82,57,25,0.695,48.1,37.4,78.8,0.475,7.9,21.6,0.365,17.5,22.6,0.777,9.5,31.9,41.4,23.8,14.0,6.8,4.3,3.7,19.2,20.1,100.2,4.2,2010-11,107.6,108.4,102.3,104.1,5.3,4.4,0.637,1.71,18.7,0.278,0.713,0.504,0.151,0.525,0.565,93.4,92.24,76.86,7581,0.538
1610612743,Denver Nuggets,82,50,32,0.61,48.1,38.4,80.6,0.476,8.1,20.8,0.388,22.7,29.6,0.765,9.6,32.3,42.0,22.1,14.1,7.4,4.3,6.0,21.0,22.7,107.5,4.8,2010-11,109.5,111.7,104.8,106.8,4.7,4.9,0.576,1.57,17.0,0.283,0.716,0.506,0.147,0.526,0.574,97.9,96.06,80.05,7888,0.524
1610612765,Detroit Pistons,82,30,52,0.366,48.5,37.3,81.1,0.46,5.8,15.3,0.376,16.7,22.6,0.737,11.4,27.3,38.6,21.1,13.0,7.3,4.0,4.6,19.9,18.8,97.0,-3.6,2010-11,104.6,107.0,109.0,110.7,-4.4,-3.7,0.566,1.62,16.8,0.317,0.681,0.491,0.144,0.495,0.533,91.5,89.79,74.83,7428,0.464
1610612744,Golden State Warriors,82,36,46,0.439,48.4,39.6,85.9,0.461,8.4,21.3,0.392,15.7,20.7,0.761,11.6,28.9,40.5,22.5,14.6,9.0,5.0,4.3,22.0,18.4,103.4,-2.3,2010-11,105.5,107.1,107.6,109.4,-2.1,-2.3,0.568,1.54,17.0,0.3,0.659,0.476,0.151,0.51,0.544,97.4,95.85,79.88,7916,0.472
1610612745,Houston Rockets,82,43,39,0.524,48.5,38.7,85.1,0.454,8.3,22.5,0.367,20.3,25.4,0.801,11.7,31.1,42.8,23.8,13.5,7.1,4.5,5.5,20.0,21.4,105.9,2.2,2010-11,108.0,110.2,106.2,107.9,1.8,2.3,0.617,1.76,17.8,0.315,0.69,0.501,0.141,0.503,0.55,96.9,95.14,79.28,7880,0.515
1610612754,Indiana Pacers,82,37,45,0.451,48.2,36.6,82.8,0.442,7.1,20.2,0.354,19.4,24.8,0.782,11.1,32.4,43.5,19.6,15.4,7.1,5.6,5.7,21.7,21.4,99.8,-1.1,2010-11,101.9,104.1,103.4,105.0,-1.5,-0.9,0.536,1.28,15.2,0.297,0.703,0.501,0.16,0.486,0.533,97.2,95.5,79.59,7864,0.492
1610612746,Los Angeles Clippers,82,32,50,0.39,48.4,36.8,80.4,0.457,6.3,18.5,0.338,18.9,26.7,0.707,11.6,30.5,42.1,22.1,16.4,7.1,4.9,4.9,21.1,22.1,98.6,-3.1,2010-11,101.8,104.8,106.3,108.0,-4.5,-3.2,0.601,1.35,16.9,0.33,0.692,0.511,0.174,0.496,0.535,95.5,93.35,77.79,7718,0.483
1610612747,Los Angeles Lakers,82,57,25,0.695,48.4,38.1,82.4,0.463,6.4,18.1,0.352,18.8,24.1,0.779,12.1,31.9,44.0,22.0,13.1,7.3,5.1,4.5,19.0,20.7,101.5,6.1,2010-11,107.9,109.6,101.3,103.3,6.6,6.3,0.576,1.68,17.0,0.325,0.692,0.513,0.141,0.502,0.545,93.4,91.78,76.48,7594,0.541
1610612763,Memphis Grizzlies,82,46,36,0.561,48.5,39.0,82.9,0.471,3.8,11.3,0.334,18.1,24.2,0.75,11.8,29.2,41.0,20.6,14.0,9.4,5.4,6.2,20.8,21.4,99.9,2.3,2010-11,104.4,107.0,102.5,104.5,1.9,2.5,0.528,1.48,16.0,0.333,0.682,0.505,0.15,0.493,0.534,94.5,92.42,77.02,7656,0.518
1610612748,Miami Heat,82,58,24,0.707,48.2,37.0,76.8,0.481,6.7,18.0,0.37,21.5,27.9,0.769,9.6,32.5,42.1,20.0,13.9,6.6,5.2,3.0,20.4,21.8,102.1,7.5,2010-11,109.3,110.6,100.7,102.9,8.5,7.8,0.541,1.44,16.1,0.287,0.715,0.514,0.151,0.524,0.573,93.2,91.63,76.36,7564,0.556
1610612749,Milwaukee Bucks,82,35,47,0.427,48.4,34.3,79.8,0.43,5.9,17.2,0.342,17.4,22.9,0.757,10.5,30.2,40.8,18.8,13.5,7.5,4.9,4.8,20.5,20.7,91.9,-0.8,2010-11,99.0,100.8,99.9,101.5,-1.0,-0.8,0.549,1.4,15.3,0.287,0.71,0.492,0.148,0.467,0.511,92.1,90.57,75.47,7477,0.488
1610612750,Minnesota Timberwolves,82,17,65,0.207,48.2,37.7,85.5,0.441,7.2,19.1,0.376,18.5,24.1,0.768,13.2,31.2,44.4,20.1,17.0,7.2,5.1,5.5,22.3,20.9,101.1,-6.6,2010-11,101.1,103.2,108.3,109.9,-7.2,-6.7,0.534,1.18,15.0,0.336,0.698,0.512,0.174,0.483,0.526,99.2,97.49,81.24,8034,0.443
1610612751,New Jersey Nets,82,24,58,0.293,48.8,35.6,81.0,0.44,5.6,16.3,0.343,17.4,22.9,0.759,11.1,29.8,40.8,21.0,14.0,5.6,4.7,4.6,22.0,20.0,94.2,-6.2,2010-11,100.2,102.1,107.0,108.9,-6.9,-6.8,0.59,1.5,16.6,0.304,0.7,0.497,0.152,0.474,0.517,92.4,90.7,75.59,7563,0.452
1610612740,New Orleans Hornets,82,46,36,0.561,48.4,35.9,78.2,0.459,5.4,15.0,0.36,17.7,23.1,0.765,10.0,30.1,40.1,20.6,13.0,7.6,4.4,4.8,21.0,20.4,94.9,0.9,2010-11,103.8,105.4,102.5,104.4,1.4,1.0,0.574,1.58,16.8,0.289,0.721,0.503,0.145,0.493,0.537,90.9,89.4,74.5,7387,0.507
1610612752,New York Knicks,82,42,40,0.512,48.2,38.3,83.7,0.457,9.3,25.4,0.368,20.6,25.5,0.809,10.3,30.1,40.5,21.4,13.7,7.6,5.8,4.4,21.3,20.8,106.5,0.8,2010-11,108.3,109.9,106.9,109.0,1.4,1.0,0.56,1.56,16.4,0.273,0.676,0.473,0.141,0.513,0.561,98.1,96.47,80.39,7945,0.504
1610612760,Oklahoma City Thunder,82,55,27,0.671,48.8,37.4,80.6,0.464,5.9,17.1,0.347,24.1,29.3,0.823,11.0,31.8,42.8,20.4,14.1,8.0,5.9,4.3,22.4,21.5,104.8,3.8,2010-11,108.6,109.9,104.0,105.9,4.5,3.9,0.545,1.45,15.8,0.306,0.697,0.507,0.148,0.501,0.561,95.3,93.84,78.2,7824,0.529
1610612753,Orlando Magic,82,52,30,0.634,48.4,36.0,78.2,0.461,9.4,25.6,0.366,17.7,25.6,0.692,10.5,32.7,43.2,20.0,14.9,6.7,4.7,3.8,20.0,21.8,99.2,5.5,2010-11,105.7,107.4,99.1,101.8,6.6,5.6,0.553,1.34,15.9,0.304,0.723,0.518,0.162,0.521,0.554,93.5,91.55,76.29,7575,0.534
1610612755,Philadelphia 76ers,82,41,41,0.5,48.6,38.1,82.6,0.461,5.4,15.2,0.355,17.4,22.6,0.77,10.4,31.4,41.8,22.7,13.0,7.6,4.3,4.6,19.4,18.8,99.0,1.5,2010-11,104.0,105.3,102.5,103.8,1.5,1.5,0.596,1.75,17.6,0.278,0.714,0.497,0.138,0.494,0.535,93.9,92.78,77.32,7709,0.51
1610612756,Phoenix Suns,82,40,42,0.488,48.8,39.3,83.5,0.47,8.5,22.6,0.377,18.0,23.6,0.759,10.0,30.2,40.2,23.7,14.3,6.6,4.4,4.3,20.3,21.2,105.0,-0.9,2010-11,107.0,108.6,107.4,109.4,-0.4,-0.8,0.604,1.66,17.9,0.275,0.681,0.48,0.147,0.522,0.559,96.8,95.18,79.32,7930,0.494
1610612757,Portland Trail Blazers,82,48,34,0.585,48.3,36.0,80.5,0.447,6.3,18.3,0.345,18.0,22.4,0.804,12.1,27.2,39.3,21.2,13.0,8.0,4.4,4.1,19.3,21.3,96.3,1.5,2010-11,105.6,107.3,104.2,105.7,1.4,1.6,0.588,1.62,16.9,0.331,0.682,0.499,0.145,0.486,0.533,90.5,89.13,74.27,7359,0.516
1610612758,Sacramento Kings,82,24,58,0.293,48.4,38.2,85.1,0.449,5.2,15.6,0.335,17.7,24.2,0.734,13.1,30.8,43.9,20.4,16.1,7.4,4.8,5.7,22.0,21.0,99.4,-5.3,2010-11,100.6,102.9,106.3,108.4,-5.7,-5.5,0.534,1.27,15.4,0.334,0.702,0.512,0.167,0.48,0.519,97.8,95.76,79.8,7923,0.462
1610612759,San Antonio Spurs,82,61,21,0.744,48.2,38.4,80.8,0.475,8.4,21.1,0.397,18.5,24.2,0.767,10.1,31.7,41.9,22.4,13.4,7.3,4.5,4.6,19.0,20.7,103.7,5.7,2010-11,109.4,110.5,102.8,104.4,6.6,6.1,0.583,1.67,17.5,0.276,0.711,0.5,0.143,0.527,0.567,94.6,93.34,77.78,7691,0.538
1610612761,Toronto Raptors,82,22,60,0.268,48.2,38.3,82.4,0.465,4.2,13.3,0.316,18.2,24.1,0.755,11.7,28.6,40.3,21.9,14.7,7.1,4.3,5.6,22.0,19.8,99.1,-6.3,2010-11,103.3,105.2,110.0,111.7,-6.7,-6.5,0.571,1.49,16.8,0.314,0.685,0.495,0.156,0.491,0.533,95.4,93.78,78.15,7723,0.459
1610612762,Utah Jazz,82,39,43,0.476,48.5,37.4,80.4,0.465,5.3,15.3,0.346,19.4,25.1,0.771,11.0,28.5,39.5,23.4,14.3,7.7,5.9,5.0,22.7,22.0,99.4,-1.8,2010-11,104.9,107.0,107.3,108.8,-2.4,-1.8,0.627,1.63,18.0,0.314,0.679,0.496,0.154,0.498,0.544,93.6,92.03,76.7,7619,0.5
1610612764,Washington Wizards,82,23,59,0.28,48.6,37.2,84.0,0.443,4.8,14.4,0.332,18.2,24.4,0.745,12.4,29.0,41.3,19.4,15.3,8.1,6.1,5.0,22.6,20.3,97.3,-7.4,2010-11,99.6,101.3,107.2,109.1,-7.6,-7.8,0.522,1.27,14.9,0.317,0.671,0.488,0.16,0.471,0.513,96.5,94.76,78.97,7871,0.445
1610612737,Atlanta Hawks,66,40,26,0.606,49.0,36.8,81.0,0.454,7.5,20.2,0.37,15.5,21.0,0.74,9.9,31.3,41.2,22.4,14.0,8.1,4.6,4.7,17.8,19.1,96.6,3.4,2011-12,102.4,104.2,98.6,100.4,3.8,3.8,0.61,1.61,17.6,0.279,0.703,0.493,0.151,0.5,0.535,92.5,90.88,75.73,6117,0.526
1610612738,Boston Celtics,66,39,27,0.591,48.3,35.5,77.1,0.46,5.5,15.0,0.367,15.4,19.8,0.778,7.7,31.1,38.8,23.6,14.8,7.5,5.5,4.6,19.9,18.4,91.8,2.5,2011-12,98.9,100.1,95.5,97.5,3.4,2.6,0.665,1.59,18.8,0.245,0.686,0.478,0.162,0.496,0.535,92.6,91.11,75.92,6055,0.535
1610612766,Charlotte Bobcats,66,7,59,0.106,48.2,33.2,80.2,0.414,4.0,13.5,0.295,16.5,22.2,0.746,10.3,28.7,39.0,20.1,14.5,6.0,5.5,5.7,18.9,20.3,87.0,-13.9,2011-12,92.3,94.4,107.8,109.4,-15.5,-15.0,0.605,1.39,16.0,0.285,0.678,0.474,0.157,0.439,0.483,93.6,91.86,76.55,6080,0.411
1610612741,Chicago Bulls,66,50,16,0.758,48.3,37.4,82.8,0.452,6.3,16.9,0.375,15.2,21.1,0.722,13.9,32.8,46.7,23.1,14.0,6.9,5.9,5.2,17.3,17.7,96.3,8.2,2011-12,104.5,106.3,95.3,97.5,9.3,8.8,0.619,1.65,17.7,0.361,0.703,0.536,0.154,0.49,0.523,91.8,89.98,74.98,5982,0.561
1610612739,Cleveland Cavaliers,66,21,45,0.318,48.4,34.3,81.2,0.422,6.7,19.3,0.346,17.8,24.9,0.716,12.7,29.5,42.3,19.8,15.4,7.1,4.0,6.2,20.0,20.9,93.0,-7.2,2011-12,98.1,100.0,106.0,107.6,-7.9,-7.6,0.579,1.29,15.4,0.323,0.683,0.496,0.166,0.463,0.505,94.0,92.34,76.95,6140,0.439
1610612742,Dallas Mavericks,66,36,30,0.545,48.7,36.3,82.0,0.443,7.5,22.2,0.339,15.6,20.2,0.771,10.1,32.7,42.8,20.9,14.0,8.6,5.1,4.0,18.6,18.4,95.8,1.0,2011-12,101.0,102.1,99.7,100.9,1.3,1.1,0.575,1.49,16.5,0.268,0.714,0.493,0.149,0.489,0.527,93.6,92.61,77.17,6195,0.51
1610612743,Denver Nuggets,66,38,28,0.576,48.6,39.0,81.9,0.476,6.6,19.9,0.332,19.6,26.7,0.735,11.2,31.9,43.1,24.0,15.4,8.2,5.0,6.7,19.7,22.0,104.1,2.9,2011-12,106.5,108.3,103.4,105.1,3.1,3.2,0.615,1.56,17.9,0.316,0.705,0.515,0.16,0.516,0.556,96.7,95.03,79.19,6346,0.527
1610612765,Detroit Pistons,66,25,41,0.379,48.4,34.7,79.3,0.438,4.8,13.9,0.346,16.6,22.1,0.752,11.7,28.5,40.3,18.7,15.7,7.0,4.2,5.3,19.6,19.4,90.9,-4.8,2011-12,97.8,100.0,104.0,105.0,-6.2,-5.0,0.538,1.19,15.1,0.322,0.689,0.5,0.172,0.468,0.51,91.7,90.31,75.26,6000,0.448
1610612744,Golden State Warriors,66,23,43,0.348,48.2,37.7,82.5,0.457,7.9,20.5,0.388,14.4,18.7,0.77,9.7,29.5,39.2,22.3,13.9,8.0,5.5,5.0,21.4,16.6,97.8,-3.4,2011-12,103.1,103.9,106.0,107.3,-3.0,-3.4,0.591,1.61,17.4,0.256,0.658,0.46,0.147,0.505,0.539,94.7,93.78,78.15,6212,0.472
1610612745,Houston Rockets,66,34,32,0.515,48.7,37.7,84.0,0.449,7.2,20.2,0.359,15.4,19.7,0.782,11.7,30.5,42.2,21.3,14.5,7.5,4.8,5.2,20.4,18.4,98.1,0.2,2011-12,102.7,104.2,102.1,104.0,0.6,0.2,0.564,1.47,16.4,0.309,0.692,0.499,0.154,0.492,0.529,94.3,92.82,77.35,6215,0.497
1610612754,Indiana Pacers,66,42,24,0.636,48.5,35.7,81.4,0.438,5.9,16.1,0.368,20.4,26.1,0.782,12.5,31.4,43.9,18.6,14.0,7.9,5.4,6.0,21.7,21.6,97.7,3.3,2011-12,103.5,105.5,100.4,102.1,3.1,3.3,0.522,1.33,14.7,0.333,0.689,0.511,0.151,0.474,0.526,93.4,91.68,76.4,6115,0.521
1610612746,Los Angeles Clippers,66,40,26,0.606,48.4,37.0,81.3,0.455,7.8,21.8,0.357,15.8,23.3,0.68,12.1,29.4,41.6,21.0,13.3,8.4,4.8,4.5,21.2,21.2,97.5,2.6,2011-12,105.2,107.5,102.9,104.8,2.2,2.7,0.568,1.58,16.6,0.331,0.692,0.507,0.147,0.502,0.533,91.8,89.98,74.98,5989,0.517
1610612747,Los Angeles Lakers,66,41,25,0.621,48.7,36.8,80.6,0.457,5.5,16.8,0.326,18.2,24.1,0.756,12.1,34.1,46.2,22.5,15.1,5.9,5.3,4.6,16.8,20.2,97.3,1.4,2011-12,103.3,104.5,101.7,103.2,1.7,1.3,0.611,1.49,17.3,0.327,0.719,0.532,0.162,0.491,0.534,92.9,91.72,76.43,6145,0.524
1610612763,Memphis Grizzlies,66,41,25,0.621,48.3,36.7,82.2,0.447,4.2,12.9,0.326,17.3,22.8,0.759,12.6,29.5,42.0,19.5,14.5,9.6,5.2,5.5,19.9,19.3,95.0,2.0,2011-12,101.0,102.8,98.9,100.6,2.1,2.2,0.532,1.35,15.4,0.335,0.688,0.508,0.157,0.473,0.515,93.4,91.82,76.52,6099,0.514
1610612748,Miami Heat,66,46,20,0.697,48.6,37.1,79.0,0.469,5.6,15.6,0.359,18.8,24.2,0.775,10.4,31.2,41.6,20.0,15.2,8.9,5.4,4.2,19.4,20.5,98.5,6.0,2011-12,104.3,105.6,97.1,99.2,7.2,6.4,0.538,1.31,15.9,0.299,0.693,0.504,0.163,0.505,0.549,93.7,92.07,76.73,6154,0.553
1610612749,Milwaukee Bucks,66,31,35,0.47,48.1,37.9,85.6,0.443,6.6,19.2,0.345,16.6,21.4,0.774,12.4,30.0,42.5,23.5,14.1,8.3,5.1,4.5,19.3,19.4,99.0,0.3,2011-12,102.4,104.5,102.4,104.1,0.0,0.4,0.62,1.67,17.6,0.314,0.675,0.49,0.148,0.481,0.521,96.4,94.68,78.9,6256,0.503
1610612750,Minnesota Timberwolves,66,26,40,0.394,48.3,35.7,82.3,0.433,7.2,21.6,0.332,19.4,25.2,0.771,12.1,31.7,43.7,19.5,15.2,6.6,4.4,5.7,18.4,21.7,97.9,-2.2,2011-12,101.5,103.1,103.6,105.3,-2.2,-2.2,0.548,1.29,15.1,0.311,0.693,0.502,0.16,0.477,0.524,96.0,94.44,78.7,6268,0.483
1610612751,New Jersey Nets,66,22,44,0.333,48.2,34.3,80.6,0.425,7.7,22.4,0.342,16.9,21.7,0.777,11.9,28.5,40.3,19.9,15.1,7.5,3.9,5.0,19.2,19.3,93.1,-6.0,2011-12,99.7,101.8,106.9,108.1,-7.2,-6.3,0.58,1.32,15.8,0.314,0.677,0.489,0.165,0.473,0.516,92.7,91.26,76.05,6036,0.448
1610612740,New Orleans Hornets,66,21,45,0.318,48.3,34.8,77.3,0.451,3.9,11.8,0.333,16.0,21.2,0.757,11.0,30.2,41.1,20.7,15.5,7.4,4.8,5.8,20.1,18.7,89.6,-3.8,2011-12,98.3,99.9,102.3,103.9,-4.0,-4.0,0.595,1.34,16.8,0.31,0.696,0.506,0.173,0.476,0.517,90.7,89.27,74.39,5924,0.482
1610612752,New York Knicks,66,36,30,0.545,48.3,35.8,80.8,0.443,7.8,23.3,0.336,18.3,24.8,0.741,11.3,30.5,41.7,20.1,16.0,9.4,4.2,5.1,21.1,21.8,97.8,3.2,2011-12,101.4,103.5,98.4,100.2,3.0,3.2,0.562,1.26,15.6,0.309,0.702,0.503,0.169,0.492,0.533,95.7,93.91,78.26,6242,0.52
1610612760,Oklahoma City Thunder,66,47,19,0.712,48.5,37.3,79.2,0.471,7.2,20.0,0.358,21.3,26.4,0.806,11.0,32.7,43.7,18.5,16.3,7.5,8.2,4.9,20.5,20.0,103.1,6.1,2011-12,107.1,108.4,100.0,102.1,7.2,6.3,0.497,1.13,14.6,0.304,0.687,0.509,0.172,0.516,0.567,95.7,94.11,78.42,6273,0.542
1610612753,Orlando Magic,66,37,29,0.561,48.4,34.5,78.2,0.441,10.2,27.0,0.375,15.1,22.8,0.66,11.2,31.2,42.5,20.0,14.9,6.8,4.2,4.1,17.7,19.8,94.2,0.8,2011-12,102.4,104.0,101.7,103.4,0.7,0.6,0.581,1.34,16.1,0.306,0.72,0.51,0.165,0.506,0.533,91.2,89.75,74.79,5978,0.493
1610612755,Philadelphia 76ers,66,35,31,0.53,48.2,37.4,83.6,0.448,5.3,14.6,0.362,13.5,18.2,0.742,10.7,32.5,43.2,22.0,11.2,8.0,5.2,4.8,17.5,16.2,93.6,4.2,2011-12,101.7,102.7,96.6,98.2,5.1,4.6,0.588,1.97,17.5,0.277,0.712,0.495,0.123,0.48,0.511,91.9,90.68,75.56,6016,0.532
1610612756,Phoenix Suns,66,33,33,0.5,48.0,37.8,82.5,0.458,6.7,19.6,0.343,16.0,21.2,0.757,10.9,30.8,41.7,22.5,14.1,6.5,5.5,4.4,18.7,19.6,98.4,-0.2,2011-12,103.5,105.2,103.8,105.2,-0.2,-0.1,0.596,1.6,17.4,0.294,0.687,0.493,0.15,0.499,0.536,95.0,93.61,78.01,6173,0.502
1610612757,Portland Trail Blazers,66,28,38,0.424,48.4,36.4,82.1,0.443,7.2,20.9,0.346,17.2,21.6,0.796,11.1,29.5,40.7,20.4,14.2,8.0,4.9,4.8,19.0,19.8,97.2,-0.6,2011-12,102.8,104.4,103.7,105.3,-0.9,-0.9,0.562,1.44,16.1,0.303,0.691,0.493,0.152,0.488,0.531,93.7,92.24,76.87,6143,0.494
1610612758,Sacramento Kings,66,22,44,0.333,48.2,37.7,86.5,0.436,6.2,19.7,0.316,17.1,23.2,0.736,13.4,29.5,42.9,19.3,14.4,8.5,4.9,6.4,19.5,19.9,98.8,-5.7,2011-12,101.0,102.9,106.8,108.7,-5.8,-5.8,0.51,1.34,14.7,0.321,0.67,0.487,0.15,0.472,0.51,97.3,95.56,79.64,6333,0.451
1610612759,San Antonio Spurs,66,50,16,0.758,48.3,39.6,82.8,0.478,8.4,21.3,0.393,16.2,21.6,0.748,10.3,32.6,43.0,23.2,13.6,7.4,4.4,5.0,17.3,18.8,103.7,7.2,2011-12,108.5,110.0,100.6,102.3,7.9,7.7,0.585,1.71,17.8,0.282,0.72,0.507,0.144,0.528,0.562,95.1,93.67,78.06,6220,0.546
1610612761,Toronto Raptors,66,23,43,0.348,48.4,34.4,78.1,0.44,5.5,16.3,0.34,16.4,21.4,0.77,10.6,31.4,42.0,20.9,15.2,6.5,4.9,4.9,23.2,18.4,90.7,-3.3,2011-12,98.5,99.6,101.5,103.6,-3.0,-3.9,0.609,1.38,16.8,0.294,0.708,0.503,0.167,0.475,0.518,91.6,90.19,75.16,6008,0.478
1610612762,Utah Jazz,66,36,30,0.545,49.0,38.2,83.8,0.456,4.1,12.8,0.323,19.1,25.3,0.754,13.0,31.1,44.2,21.8,14.2,8.3,5.8,5.7,21.8,20.7,99.7,0.6,2011-12,103.7,105.5,103.6,104.9,0.2,0.5,0.57,1.54,16.6,0.34,0.703,0.519,0.15,0.481,0.525,93.9,92.53,77.1,6236,0.509
1610612764,Washington Wizards,66,20,46,0.303,48.1,36.6,83.0,0.441,5.2,16.3,0.32,15.3,21.0,0.727,11.7,29.9,41.7,19.1,15.3,8.0,6.3,4.5,21.3,18.7,93.6,-4.8,2011-12,97.8,100.0,103.8,104.9,-6.0,-5.0,0.523,1.25,15.1,0.308,0.678,0.489,0.163,0.472,0.508,95.1,93.59,77.99,6182,0.46
1610612737,Atlanta Hawks,82,44,38,0.537,48.4,37.6,81.0,0.464,8.6,23.2,0.371,14.1,19.7,0.715,9.2,31.6,40.9,24.5,14.9,8.1,4.5,4.3,18.0,18.8,98.0,0.4,2012-13,102.7,103.7,101.8,103.4,0.9,0.3,0.651,1.65,18.8,0.254,0.701,0.482,0.157,0.517,0.546,94.7,93.56,77.97,7744,0.509
1610612738,Boston Celtics,81,41,40,0.506,49.0,37.0,79.7,0.465,6.1,17.2,0.358,16.3,21.0,0.776,8.1,31.3,39.3,22.8,14.6,8.2,4.5,4.7,21.2,19.4,96.5,-0.2,2012-13,101.1,102.2,100.4,102.6,0.7,-0.5,0.614,1.56,17.9,0.246,0.69,0.477,0.154,0.503,0.542,94.0,92.46,77.05,7652,0.507
1610612751,Brooklyn Nets,82,49,33,0.598,48.4,35.9,79.8,0.45,7.7,21.5,0.357,17.5,23.9,0.731,12.8,30.0,42.8,20.3,14.7,7.3,4.8,4.8,18.3,21.4,96.9,1.8,2012-13,105.0,106.9,103.6,104.8,1.4,2.0,0.567,1.38,16.1,0.343,0.701,0.52,0.162,0.498,0.536,91.2,89.88,74.9,7433,0.509
1610612766,Charlotte Bobcats,82,21,61,0.256,48.3,34.4,81.1,0.425,5.7,17.1,0.335,18.9,25.1,0.75,11.2,29.1,40.3,19.4,14.1,7.2,5.8,6.9,19.0,21.3,93.4,-9.2,2012-13,98.3,100.4,108.9,110.3,-10.6,-9.9,0.562,1.38,15.3,0.305,0.679,0.486,0.151,0.46,0.507,94.0,92.49,77.07,7632,0.438
1610612741,Chicago Bulls,82,45,37,0.549,48.4,35.7,81.7,0.437,5.4,15.4,0.353,16.4,21.2,0.773,12.5,30.7,43.2,23.0,14.3,7.2,5.1,5.8,19.7,19.6,93.2,0.3,2012-13,100.4,102.4,100.3,101.9,0.1,0.5,0.645,1.61,17.8,0.332,0.699,0.514,0.157,0.47,0.512,92.0,90.35,75.29,7460,0.514
1610612739,Cleveland Cavaliers,82,24,58,0.293,48.1,36.5,84.2,0.434,6.7,19.3,0.346,16.8,22.3,0.756,12.2,28.8,41.0,20.7,14.0,7.9,4.1,6.8,21.2,19.7,96.5,-4.7,2012-13,100.8,103.2,106.9,108.2,-6.1,-5.0,0.566,1.47,15.9,0.326,0.695,0.5,0.15,0.473,0.514,94.9,93.25,77.71,7666,0.45
1610612742,Dallas Mavericks,82,41,41,0.5,48.7,38.8,84.0,0.462,7.4,19.9,0.372,16.1,20.4,0.793,9.4,32.6,41.9,23.2,14.0,7.9,5.5,4.1,20.7,18.9,101.1,-0.6,2012-13,103.6,104.7,104.0,105.4,-0.4,-0.6,0.599,1.67,17.7,0.259,0.698,0.484,0.144,0.506,0.544,96.2,95.09,79.24,7917,0.502
1610612743,Denver Nuggets,82,57,25,0.695,48.5,40.7,85.2,0.478,6.4,18.5,0.343,18.4,26.2,0.701,13.3,31.7,45.0,24.4,15.3,9.3,6.5,6.8,20.5,21.6,106.1,5.1,2012-13,107.6,109.3,102.0,104.2,5.6,5.1,0.6,1.6,17.8,0.345,0.675,0.513,0.157,0.515,0.549,97.8,95.92,79.93,7960,0.538
1610612765,Detroit Pistons,82,29,53,0.354,48.3,36.3,81.0,0.449,6.3,17.6,0.356,15.9,22.8,0.699,12.1,30.0,42.1,21.2,15.1,7.0,4.9,5.8,19.8,19.9,94.9,-4.0,2012-13,100.9,102.7,105.6,107.2,-4.8,-4.5,0.585,1.4,16.6,0.324,0.695,0.506,0.164,0.487,0.521,93.2,91.68,76.4,7571,0.467
1610612744,Golden State Warriors,82,47,35,0.573,48.3,38.2,83.4,0.458,8.0,19.9,0.403,16.8,21.3,0.79,10.8,34.2,45.0,22.5,15.1,6.9,4.2,4.9,21.4,19.2,101.2,0.9,2012-13,104.2,105.1,102.6,104.2,1.7,0.9,0.589,1.49,17.1,0.285,0.712,0.506,0.157,0.506,0.545,96.8,95.64,79.7,7893,0.502
1610612745,Houston Rockets,82,45,37,0.549,48.2,38.1,82.7,0.461,10.6,28.9,0.366,19.2,25.5,0.754,11.1,32.3,43.4,23.2,16.4,8.3,4.4,6.1,20.3,20.4,106.0,3.5,2012-13,106.7,108.8,103.5,105.3,3.3,3.5,0.609,1.41,17.3,0.305,0.71,0.509,0.169,0.525,0.564,98.6,96.89,80.74,7988,0.51
1610612754,Indiana Pacers,81,49,32,0.605,48.4,35.1,80.6,0.436,6.9,19.7,0.347,17.6,23.6,0.746,12.9,33.0,45.9,20.3,15.1,7.2,6.3,5.7,20.0,21.9,94.7,4.0,2012-13,101.6,103.4,96.6,99.0,5.0,4.4,0.578,1.34,16.0,0.336,0.701,0.522,0.165,0.479,0.521,92.8,90.9,75.75,7420,0.537
1610612746,Los Angeles Clippers,82,56,26,0.683,48.1,38.5,80.6,0.478,7.6,21.4,0.358,16.4,23.0,0.711,11.4,30.2,41.6,23.9,14.6,9.6,5.6,4.1,20.9,20.9,101.1,6.5,2012-13,107.7,109.8,101.0,102.8,6.7,6.9,0.62,1.64,18.4,0.323,0.697,0.512,0.159,0.526,0.557,93.6,91.83,76.53,7552,0.548
1610612747,Los Angeles Lakers,82,45,37,0.549,48.2,37.1,81.0,0.458,8.7,24.6,0.355,19.3,27.9,0.692,11.5,33.3,44.8,22.2,15.0,7.0,5.2,4.8,17.9,23.1,102.2,1.2,2012-13,105.6,107.0,103.6,105.9,2.0,1.1,0.598,1.48,16.8,0.309,0.702,0.51,0.157,0.512,0.548,96.8,95.08,79.24,7830,0.513
1610612763,Memphis Grizzlies,82,56,26,0.683,48.3,36.1,81.5,0.444,4.7,13.5,0.345,16.5,21.3,0.773,12.9,29.8,42.7,20.9,14.0,8.6,5.3,5.5,20.2,20.0,93.4,4.1,2012-13,101.7,103.6,97.4,99.1,4.2,4.5,0.579,1.5,16.5,0.344,0.702,0.52,0.155,0.472,0.514,91.1,89.56,74.63,7394,0.531
1610612748,Miami Heat,82,66,16,0.805,48.5,38.4,77.4,0.496,8.7,22.1,0.396,17.4,23.0,0.754,8.2,30.4,38.6,23.0,13.9,8.7,5.4,3.2,18.7,20.4,102.9,7.9,2012-13,110.3,111.4,100.5,103.2,9.9,8.2,0.6,1.65,18.4,0.264,0.678,0.485,0.151,0.552,0.588,93.0,91.26,76.05,7572,0.564
1610612749,Milwaukee Bucks,82,38,44,0.463,48.4,38.1,87.8,0.435,7.3,20.4,0.36,15.3,20.7,0.736,13.0,30.9,44.0,22.9,14.1,8.4,6.7,4.4,19.0,19.1,98.9,-1.5,2012-13,100.9,102.5,102.3,104.2,-1.4,-1.7,0.6,1.62,17.0,0.315,0.678,0.491,0.146,0.476,0.51,97.3,95.65,79.71,7909,0.488
1610612750,Minnesota Timberwolves,82,31,51,0.378,48.1,35.9,81.7,0.439,5.5,18.0,0.305,18.5,24.9,0.742,11.9,30.2,42.0,22.4,14.8,8.5,4.7,5.9,18.4,22.5,95.7,-2.4,2012-13,100.1,101.8,102.9,104.0,-2.8,-2.2,0.624,1.51,17.1,0.312,0.702,0.5,0.157,0.473,0.516,95.2,93.94,78.29,7712,0.494
1610612740,New Orleans Hornets,82,27,55,0.329,48.2,36.0,80.4,0.448,6.5,18.0,0.363,15.5,20.0,0.776,12.0,29.6,41.6,21.0,14.5,6.3,5.4,6.0,20.4,18.7,94.1,-3.9,2012-13,102.7,104.5,107.6,108.9,-5.0,-4.4,0.582,1.44,16.7,0.332,0.705,0.514,0.162,0.489,0.528,90.9,89.5,74.59,7379,0.464
1610612752,New York Knicks,82,54,28,0.659,48.1,36.5,81.6,0.448,10.9,28.9,0.376,16.0,21.1,0.759,10.9,29.7,40.6,19.3,12.0,8.2,3.6,4.0,20.1,19.2,100.0,4.2,2012-13,108.6,109.8,103.5,105.4,5.1,4.5,0.527,1.6,15.6,0.291,0.708,0.494,0.132,0.515,0.55,92.0,90.68,75.57,7462,0.512
1610612760,Oklahoma City Thunder,82,60,22,0.732,48.4,38.1,79.3,0.481,7.3,19.4,0.377,22.2,26.8,0.828,10.4,33.2,43.6,21.4,15.3,8.3,7.6,3.9,20.2,20.7,105.7,9.2,2012-13,110.2,111.0,99.2,101.2,11.0,9.9,0.561,1.4,16.6,0.291,0.702,0.513,0.16,0.527,0.58,95.9,94.58,78.82,7808,0.57
1610612753,Orlando Magic,82,20,62,0.244,48.2,37.7,84.2,0.448,6.2,18.7,0.329,12.5,16.6,0.755,10.9,31.9,42.7,22.8,14.5,6.4,4.4,5.2,19.4,16.5,94.1,-7.0,2012-13,98.9,100.9,106.7,108.4,-7.8,-7.4,0.605,1.57,17.6,0.293,0.707,0.498,0.156,0.485,0.514,94.5,92.81,77.34,7646,0.459
1610612755,Philadelphia 76ers,82,34,48,0.415,48.2,37.3,84.1,0.444,6.3,17.5,0.36,12.2,16.8,0.729,10.9,30.4,41.3,22.8,13.0,7.4,4.7,4.8,18.4,16.2,93.2,-3.3,2012-13,99.5,101.0,103.0,104.7,-3.4,-3.7,0.61,1.74,17.7,0.291,0.695,0.489,0.141,0.481,0.509,93.3,91.88,76.56,7566,0.474
1610612756,Phoenix Suns,82,25,57,0.305,48.3,37.3,84.4,0.443,5.9,17.7,0.33,14.7,19.7,0.744,11.7,29.9,41.6,22.6,15.6,8.0,5.3,5.1,20.6,18.4,95.2,-6.5,2012-13,98.2,100.2,105.7,106.9,-7.5,-6.7,0.606,1.45,17.1,0.308,0.687,0.491,0.164,0.477,0.512,95.9,94.48,78.73,7793,0.458
1610612757,Portland Trail Blazers,82,33,49,0.402,48.4,36.7,81.9,0.448,8.2,23.2,0.353,15.9,20.5,0.776,10.7,30.2,40.8,21.8,14.7,6.6,4.3,4.4,18.5,18.7,97.5,-3.2,2012-13,102.7,104.5,106.9,107.9,-4.2,-3.4,0.593,1.48,17.0,0.294,0.702,0.495,0.157,0.498,0.536,93.7,92.46,77.05,7649,0.468
1610612758,Sacramento Kings,82,28,54,0.341,48.4,37.6,84.2,0.447,7.4,20.5,0.363,17.5,22.8,0.769,11.5,29.1,40.6,20.8,14.6,8.2,4.2,6.3,20.9,20.0,100.2,-4.9,2012-13,103.0,105.3,108.6,110.0,-5.6,-4.7,0.553,1.42,16.0,0.306,0.673,0.485,0.154,0.491,0.532,96.3,94.65,78.88,7804,0.454
1610612759,San Antonio Spurs,82,58,24,0.707,48.5,39.1,81.4,0.481,8.1,21.5,0.376,16.6,21.0,0.791,8.1,33.2,41.3,25.1,14.7,8.5,5.4,4.9,17.4,19.1,103.0,6.4,2012-13,105.9,107.0,99.2,100.3,6.8,6.7,0.641,1.71,19.1,0.243,0.715,0.493,0.153,0.531,0.568,96.4,95.31,79.43,7892,0.551
1610612761,Toronto Raptors,82,34,48,0.415,48.7,36.3,81.5,0.446,7.0,20.3,0.343,17.6,22.3,0.788,10.6,29.6,40.2,21.5,13.7,7.3,4.8,4.7,22.4,20.1,97.2,-1.5,2012-13,102.9,105.0,104.7,106.4,-1.7,-1.4,0.592,1.57,16.9,0.296,0.688,0.49,0.148,0.488,0.532,92.9,91.26,76.05,7591,0.484
1610612762,Utah Jazz,82,43,39,0.524,48.5,37.1,81.8,0.454,6.2,16.9,0.366,17.5,23.0,0.764,12.1,30.0,42.0,22.7,14.8,8.4,6.3,5.9,21.3,20.4,98.0,-0.1,2012-13,103.6,105.4,104.3,105.6,-0.7,-0.2,0.61,1.54,17.4,0.329,0.697,0.51,0.159,0.492,0.533,93.4,92.05,76.71,7629,0.504
1610612764,Washington Wizards,82,29,53,0.354,48.4,35.5,81.6,0.435,6.6,18.2,0.365,15.6,21.3,0.733,10.8,32.3,43.2,21.6,15.1,7.3,4.6,4.4,20.5,19.1,93.2,-2.5,2012-13,97.8,99.3,100.6,101.6,-2.7,-2.3,0.61,1.43,16.9,0.279,0.706,0.491,0.161,0.475,0.512,94.4,93.23,77.69,7699,0.481
1610612737,Atlanta Hawks,82,38,44,0.463,48.4,37.3,81.6,0.458,9.4,25.8,0.363,17.0,21.7,0.781,8.7,31.3,40.0,24.9,15.3,8.3,4.0,4.3,19.2,20.0,101.0,-0.5,2013-14,103.4,104.9,104.1,105.7,-0.7,-0.7,0.667,1.63,18.8,0.256,0.711,0.485,0.159,0.515,0.554,96.9,95.41,79.51,7892,0.502
1610612738,Boston Celtics,82,25,57,0.305,48.1,36.5,83.9,0.435,7.0,21.1,0.333,16.2,20.8,0.777,12.0,30.5,42.5,21.0,15.4,7.1,4.2,4.5,21.3,19.1,96.2,-4.5,2013-14,99.7,101.9,105.2,106.5,-5.5,-4.6,0.576,1.37,16.2,0.314,0.708,0.505,0.163,0.477,0.517,95.9,94.28,78.57,7745,0.461
1610612751,Brooklyn Nets,82,44,38,0.537,48.5,35.7,77.9,0.459,8.6,23.4,0.369,18.4,24.4,0.753,8.8,29.4,38.1,20.9,14.5,8.6,3.8,4.1,21.7,20.8,98.5,-1.0,2013-14,104.4,105.4,104.9,106.7,-0.6,-1.3,0.585,1.44,16.7,0.26,0.686,0.475,0.155,0.514,0.555,93.7,92.42,77.02,7663,0.492
1610612766,Charlotte Bobcats,82,43,39,0.524,48.5,36.3,82.1,0.442,6.3,17.9,0.351,18.0,24.4,0.737,9.5,33.2,42.7,21.7,12.3,6.1,5.1,5.1,18.2,20.9,96.9,-0.2,2013-14,101.2,103.0,101.2,103.3,0.1,-0.4,0.597,1.76,16.9,0.269,0.73,0.5,0.131,0.481,0.522,94.7,92.93,77.44,7712,0.508
1610612741,Chicago Bulls,82,48,34,0.585,48.6,34.7,80.2,0.432,6.2,17.8,0.348,18.1,23.3,0.779,11.4,32.7,44.1,22.7,14.9,7.2,5.2,6.0,19.1,20.9,93.7,1.9,2013-14,99.7,101.7,97.8,99.9,1.9,1.9,0.654,1.52,17.6,0.321,0.713,0.518,0.162,0.471,0.518,92.7,90.84,75.7,7549,0.528
1610612739,Cleveland Cavaliers,82,33,49,0.402,48.6,37.0,84.8,0.437,7.1,20.0,0.356,17.0,22.7,0.751,12.1,32.1,44.1,21.2,14.2,7.1,3.7,5.6,20.0,19.5,98.2,-3.3,2013-14,101.3,103.5,104.8,107.0,-3.5,-3.6,0.572,1.49,16.2,0.314,0.711,0.508,0.149,0.479,0.518,95.7,93.69,78.08,7784,0.469
1610612742,Dallas Mavericks,82,49,33,0.598,48.4,39.6,83.6,0.474,8.8,22.9,0.384,16.8,21.1,0.795,10.2,30.7,40.9,23.6,13.5,8.6,4.3,3.5,20.0,19.9,104.8,2.4,2013-14,109.0,109.5,105.9,107.2,3.0,2.3,0.596,1.74,18.0,0.276,0.694,0.487,0.141,0.526,0.564,95.7,94.94,79.12,7852,0.521
1610612743,Denver Nuggets,82,36,46,0.439,48.2,38.4,85.9,0.447,8.6,23.9,0.358,19.1,26.3,0.726,12.3,33.1,45.4,22.4,15.9,7.5,5.6,5.6,23.0,21.7,104.4,-2.1,2013-14,103.3,105.1,105.4,107.3,-2.1,-2.2,0.584,1.41,16.4,0.31,0.703,0.505,0.16,0.497,0.536,100.7,98.95,82.46,8146,0.481
1610612765,Detroit Pistons,82,29,53,0.354,48.2,38.8,86.9,0.447,6.2,19.3,0.321,17.3,25.7,0.67,14.6,30.8,45.4,20.9,14.5,8.4,4.8,4.9,20.3,20.7,101.0,-3.7,2013-14,102.9,105.2,107.3,109.0,-4.4,-3.7,0.539,1.44,15.6,0.347,0.693,0.511,0.152,0.482,0.514,97.4,95.57,79.64,7874,0.464
1610612744,Golden State Warriors,82,51,31,0.622,48.4,39.5,85.4,0.462,9.4,24.8,0.38,15.9,21.1,0.753,10.9,34.4,45.3,23.3,15.2,7.8,5.0,4.2,21.8,19.3,104.3,4.8,2013-14,105.3,106.3,99.9,101.4,5.4,4.9,0.591,1.53,17.4,0.284,0.724,0.508,0.155,0.517,0.55,98.5,97.37,81.14,8045,0.528
1610612745,Houston Rockets,82,54,28,0.659,48.4,38.0,80.5,0.472,9.5,26.6,0.358,22.1,31.1,0.712,11.2,34.1,45.3,21.4,16.1,7.6,5.6,5.6,20.4,24.3,107.7,4.6,2013-14,108.6,109.8,103.1,105.2,5.5,4.6,0.563,1.33,16.1,0.306,0.7,0.513,0.165,0.531,0.571,98.8,97.27,81.06,8040,0.534
1610612754,Indiana Pacers,82,56,26,0.683,48.2,36.0,80.2,0.449,6.7,18.8,0.357,18.1,23.3,0.779,10.2,34.5,44.7,20.1,15.1,6.7,5.4,4.6,20.4,21.9,96.7,4.4,2013-14,101.5,103.6,96.7,98.9,4.8,4.7,0.56,1.33,15.9,0.296,0.721,0.517,0.162,0.49,0.535,94.9,92.89,77.41,7656,0.545
1610612746,Los Angeles Clippers,82,57,25,0.695,48.2,39.1,82.5,0.474,8.5,24.0,0.352,21.2,29.1,0.73,10.5,32.5,43.0,24.6,13.9,8.6,4.8,3.5,21.5,23.4,107.9,7.0,2013-14,109.4,111.3,102.1,104.0,7.3,7.3,0.628,1.77,18.3,0.288,0.69,0.496,0.143,0.526,0.567,98.4,96.66,80.55,7954,0.548
1610612747,Los Angeles Lakers,82,27,55,0.329,48.1,38.3,85.1,0.45,9.4,24.8,0.381,17.0,22.4,0.757,9.1,32.0,41.0,24.5,15.1,7.5,5.4,4.7,19.8,19.3,103.0,-6.3,2013-14,101.9,103.2,107.9,109.3,-6.0,-6.0,0.639,1.62,18.1,0.235,0.676,0.459,0.152,0.505,0.542,101.0,99.72,83.1,8177,0.46
1610612763,Memphis Grizzlies,82,50,32,0.61,48.3,38.1,82.0,0.464,4.9,14.0,0.353,15.1,20.3,0.741,11.6,30.8,42.4,21.9,13.7,7.7,4.6,5.0,19.1,18.9,96.1,1.6,2013-14,103.3,105.5,102.1,103.8,1.2,1.7,0.574,1.59,17.1,0.326,0.718,0.521,0.15,0.494,0.529,92.2,90.58,75.48,7476,0.518
1610612748,Miami Heat,82,54,28,0.659,48.5,38.3,76.5,0.501,8.1,22.3,0.364,17.5,23.0,0.76,7.6,29.2,36.9,22.5,14.8,8.9,4.5,3.1,19.5,20.4,102.2,4.8,2013-14,109.0,110.0,102.9,105.0,6.1,5.1,0.588,1.52,18.1,0.244,0.686,0.476,0.159,0.554,0.59,93.3,91.9,76.58,7615,0.539
1610612749,Milwaukee Bucks,82,15,67,0.183,48.5,36.0,82.2,0.438,6.7,18.9,0.353,16.8,22.5,0.747,11.8,29.3,41.1,21.5,15.1,6.6,4.9,5.0,20.9,20.6,95.5,-8.2,2013-14,100.2,101.9,108.9,110.2,-8.7,-8.3,0.596,1.42,16.5,0.31,0.678,0.49,0.161,0.479,0.519,94.3,92.96,77.47,7685,0.449
1610612750,Minnesota Timberwolves,82,40,42,0.488,48.4,38.9,87.5,0.444,7.3,21.4,0.341,21.8,28.1,0.778,12.5,32.2,44.7,23.9,13.9,8.8,3.6,5.6,18.3,23.6,106.9,2.7,2013-14,105.6,107.7,104.1,105.2,1.4,2.6,0.616,1.72,17.3,0.317,0.715,0.508,0.14,0.486,0.535,99.8,98.33,81.94,8139,0.519
1610612740,New Orleans Pelicans,82,34,48,0.415,48.4,37.8,82.5,0.459,5.9,15.9,0.373,18.2,23.6,0.769,11.4,30.3,41.7,21.3,13.8,7.9,6.4,6.1,22.6,20.3,99.7,-2.7,2013-14,104.7,106.2,107.3,109.1,-2.6,-3.0,0.563,1.55,16.5,0.305,0.694,0.497,0.147,0.495,0.537,94.5,93.07,77.56,7703,0.483
1610612752,New York Knicks,82,37,45,0.451,48.4,36.9,82.2,0.449,9.3,24.9,0.372,15.5,20.4,0.761,10.6,29.7,40.3,20.0,13.0,7.7,4.5,3.4,22.1,19.6,98.6,-0.8,2013-14,105.4,107.0,106.5,108.1,-1.0,-1.1,0.542,1.54,16.0,0.291,0.705,0.492,0.141,0.505,0.541,92.6,91.24,76.04,7556,0.49
1610612760,Oklahoma City Thunder,82,59,23,0.72,48.3,39.0,82.7,0.471,8.1,22.4,0.361,20.2,25.0,0.806,10.8,33.9,44.7,21.9,15.3,8.3,6.1,3.6,22.7,20.4,106.2,6.3,2013-14,108.1,109.4,101.0,103.0,7.1,6.4,0.562,1.43,16.6,0.294,0.722,0.518,0.158,0.52,0.566,97.9,96.33,80.27,7954,0.543
1610612753,Orlando Magic,82,23,59,0.28,48.7,36.9,82.7,0.445,6.9,19.5,0.353,15.9,20.9,0.763,9.7,32.4,42.0,21.0,14.9,7.7,4.3,5.4,20.5,18.3,96.5,-5.4,2013-14,99.3,101.0,104.8,106.6,-5.5,-5.7,0.571,1.41,16.4,0.267,0.714,0.49,0.156,0.487,0.525,95.9,94.27,78.56,7837,0.466
1610612755,Philadelphia 76ers,82,19,63,0.232,48.4,37.9,87.2,0.435,7.0,22.5,0.312,16.6,23.4,0.71,11.6,31.2,42.7,21.8,16.9,9.3,4.0,6.8,22.5,20.6,99.5,-10.5,2013-14,96.8,99.0,107.5,109.0,-10.7,-10.0,0.576,1.29,16.0,0.29,0.684,0.479,0.168,0.475,0.51,101.6,99.74,83.11,8236,0.426
1610612756,Phoenix Suns,82,48,34,0.585,48.2,38.7,83.5,0.463,9.3,25.1,0.372,18.5,24.4,0.758,11.3,31.7,43.0,19.1,15.3,8.4,4.6,4.0,21.9,21.3,105.2,2.6,2013-14,107.1,108.2,103.8,105.6,3.3,2.6,0.493,1.24,14.7,0.298,0.699,0.5,0.158,0.519,0.558,98.2,96.83,80.69,7973,0.509
1610612757,Portland Trail Blazers,82,54,28,0.659,48.4,39.1,87.0,0.45,9.4,25.3,0.372,19.1,23.5,0.815,12.5,34.0,46.4,23.2,13.7,5.5,4.7,3.7,19.2,20.7,106.7,4.0,2013-14,108.3,110.4,104.7,106.2,3.5,4.2,0.594,1.69,17.2,0.32,0.713,0.517,0.142,0.504,0.548,97.5,95.9,79.91,7930,0.524
1610612758,Sacramento Kings,82,28,54,0.341,48.4,36.9,82.5,0.447,6.0,18.0,0.333,20.7,27.3,0.759,12.1,32.4,44.5,18.9,15.2,7.2,3.9,5.6,22.5,23.1,100.5,-2.9,2013-14,102.9,105.1,106.3,107.8,-3.4,-2.7,0.511,1.24,14.6,0.316,0.725,0.518,0.159,0.484,0.532,96.7,95.04,79.2,7840,0.473
1610612759,San Antonio Spurs,82,62,20,0.756,48.2,40.6,83.5,0.486,8.5,21.4,0.397,15.7,20.0,0.785,9.3,34.0,43.3,25.2,14.4,7.4,5.1,4.6,18.2,19.3,105.4,7.7,2013-14,108.2,109.5,100.1,101.4,8.1,8.1,0.621,1.75,19.0,0.261,0.725,0.503,0.15,0.537,0.571,97.1,95.87,79.89,7887,0.555
1610612761,Toronto Raptors,82,48,34,0.585,48.7,36.5,81.9,0.445,8.7,23.4,0.372,19.6,25.1,0.782,11.4,31.1,42.5,21.2,14.1,7.0,4.2,4.3,23.0,22.1,101.3,3.2,2013-14,105.8,107.9,102.4,104.6,3.5,3.3,0.581,1.5,16.4,0.312,0.701,0.505,0.151,0.498,0.545,94.4,92.48,77.07,7696,0.512
1610612762,Utah Jazz,82,25,57,0.305,48.2,36.0,81.1,0.444,6.6,19.2,0.344,16.4,22.0,0.747,11.0,30.2,41.2,20.3,14.6,7.0,4.5,4.9,20.7,20.4,95.0,-7.2,2013-14,100.6,102.4,109.1,110.1,-8.4,-7.6,0.564,1.39,16.1,0.297,0.708,0.497,0.158,0.484,0.523,93.6,92.32,76.94,7605,0.451
1610612764,Washington Wizards,82,44,38,0.537,48.9,38.7,84.4,0.459,7.9,20.8,0.38,15.3,20.9,0.731,10.8,31.4,42.2,23.3,14.7,8.1,4.6,3.9,20.4,19.5,100.7,1.3,2013-14,103.3,104.9,102.4,103.6,0.9,1.3,0.601,1.59,17.6,0.286,0.719,0.498,0.153,0.506,0.538,95.5,94.18,78.48,7872,0.504
1610612737,Atlanta Hawks,82,60,22,0.732,48.1,38.1,81.7,0.466,10.0,26.2,0.38,16.5,21.2,0.778,8.7,31.8,40.6,25.7,14.2,9.1,4.6,4.9,17.8,19.6,102.5,5.4,2014-15,106.2,108.2,100.7,102.3,5.6,5.9,0.676,1.81,19.5,0.264,0.697,0.487,0.15,0.527,0.563,96.2,94.66,78.88,7775,0.54
1610612738,Boston Celtics,82,40,42,0.488,48.5,38.9,87.9,0.443,8.0,24.6,0.327,15.4,20.5,0.754,11.1,32.7,43.8,24.5,13.8,8.2,3.6,5.3,21.2,18.8,101.4,0.2,2014-15,101.7,103.8,102.1,103.5,-0.4,0.3,0.629,1.77,18.0,0.289,0.71,0.495,0.142,0.489,0.523,98.4,96.71,80.59,8007,0.498
1610612751,Brooklyn Nets,82,38,44,0.463,48.6,37.4,83.0,0.451,6.6,19.9,0.331,16.6,22.2,0.748,10.3,32.0,42.4,20.9,13.8,7.0,4.1,4.5,19.3,20.0,98.0,-2.9,2014-15,101.9,103.4,105.0,106.3,-3.1,-3.0,0.559,1.51,16.3,0.278,0.701,0.491,0.146,0.491,0.529,95.0,93.69,78.07,7777,0.48
1610612766,Charlotte Hornets,82,33,49,0.402,48.5,35.5,84.5,0.42,6.1,19.1,0.318,17.0,22.8,0.748,10.0,34.1,44.1,20.2,11.9,6.1,5.5,5.4,18.2,20.8,94.2,-3.2,2014-15,97.6,99.6,101.0,103.0,-3.4,-3.4,0.568,1.69,15.8,0.27,0.746,0.502,0.126,0.456,0.498,95.3,93.45,77.87,7753,0.482
1610612741,Chicago Bulls,82,50,32,0.61,48.5,36.6,82.9,0.442,7.9,22.3,0.353,19.7,25.2,0.783,11.7,34.0,45.7,21.7,14.0,6.3,5.8,5.4,18.2,21.2,100.8,3.0,2014-15,104.7,106.3,101.5,103.3,3.3,3.0,0.593,1.56,16.6,0.312,0.709,0.516,0.147,0.489,0.536,95.4,93.8,78.17,7775,0.529
1610612739,Cleveland Cavaliers,82,53,29,0.646,48.2,37.7,82.2,0.458,10.1,27.5,0.367,17.7,23.6,0.751,11.1,31.9,43.0,22.1,14.3,7.4,4.1,4.5,18.4,20.5,103.1,4.5,2014-15,107.7,110.1,104.1,105.3,3.7,4.8,0.587,1.55,17.1,0.311,0.711,0.513,0.152,0.52,0.557,94.8,93.23,77.69,7682,0.514
1610612742,Dallas Mavericks,82,50,32,0.61,48.5,39.7,85.8,0.463,8.9,25.4,0.352,16.9,22.5,0.752,10.5,31.8,42.3,22.5,13.0,8.1,4.5,3.8,20.0,22.1,105.2,2.9,2014-15,107.2,108.2,103.7,104.9,3.5,3.2,0.567,1.74,17.0,0.269,0.681,0.477,0.133,0.515,0.55,97.4,96.4,80.34,7976,0.521
1610612743,Denver Nuggets,82,30,52,0.366,48.5,37.8,87.3,0.433,8.0,24.8,0.325,17.8,24.3,0.734,12.3,32.4,44.7,21.8,14.2,7.8,4.5,6.1,23.0,20.7,101.5,-3.5,2014-15,101.6,103.9,105.5,107.1,-3.9,-3.3,0.577,1.53,16.2,0.303,0.7,0.494,0.146,0.479,0.518,98.7,96.87,80.72,8011,0.465
1610612765,Detroit Pistons,82,32,50,0.39,48.4,37.1,85.8,0.432,8.6,24.9,0.344,15.8,22.4,0.703,12.8,32.1,44.9,21.6,13.4,7.6,4.7,4.8,19.0,19.3,98.5,-1.0,2014-15,102.3,104.3,104.2,105.4,-1.8,-1.1,0.582,1.61,16.4,0.316,0.712,0.505,0.142,0.482,0.515,95.2,93.68,78.07,7741,0.478
1610612744,Golden State Warriors,82,67,15,0.817,48.1,41.6,87.0,0.478,10.8,27.0,0.398,16.0,20.8,0.768,10.4,34.3,44.7,27.4,14.5,9.3,6.0,3.6,19.9,18.8,110.0,10.1,2014-15,109.7,110.4,98.2,100.4,11.4,9.9,0.659,1.9,19.7,0.273,0.703,0.498,0.145,0.54,0.571,100.7,99.28,82.74,8170,0.569
1610612745,Houston Rockets,82,56,26,0.683,48.3,37.0,83.3,0.444,11.4,32.7,0.348,18.6,26.0,0.715,11.7,32.0,43.7,22.2,16.7,9.5,5.0,5.3,22.0,21.1,103.9,3.4,2014-15,104.2,106.0,100.5,102.6,3.7,3.4,0.6,1.33,16.5,0.305,0.686,0.496,0.17,0.512,0.548,99.3,97.36,81.14,8037,0.509
1610612754,Indiana Pacers,82,38,44,0.463,48.4,36.6,83.2,0.439,7.5,21.2,0.352,16.7,22.2,0.756,10.4,34.4,44.9,21.4,14.0,6.2,4.6,4.7,21.2,21.4,97.3,0.3,2014-15,100.8,102.9,100.9,102.7,-0.1,0.2,0.586,1.53,16.6,0.286,0.735,0.511,0.148,0.484,0.523,95.5,93.67,78.06,7753,0.505
1610612746,Los Angeles Clippers,82,56,26,0.683,48.1,39.4,83.3,0.473,10.1,26.9,0.376,17.9,25.2,0.71,9.6,33.1,42.6,24.8,12.3,7.8,5.0,3.0,21.3,21.5,106.7,6.6,2014-15,109.8,111.6,103.0,104.7,6.9,6.9,0.629,2.01,18.7,0.272,0.716,0.497,0.129,0.533,0.565,97.0,95.4,79.5,7844,0.54
1610612747,Los Angeles Lakers,82,21,61,0.256,48.6,37.2,85.6,0.435,6.5,18.9,0.344,17.5,23.6,0.741,11.6,32.3,43.9,20.9,13.2,7.0,4.5,4.8,21.2,19.4,98.5,-6.8,2014-15,100.8,102.3,108.0,109.4,-7.2,-7.1,0.562,1.58,15.9,0.29,0.72,0.497,0.138,0.473,0.513,96.3,95.03,79.19,7892,0.45
1610612763,Memphis Grizzlies,82,55,27,0.671,48.5,37.8,82.5,0.458,5.2,15.2,0.339,17.6,22.8,0.773,10.4,32.1,42.6,21.7,13.3,8.5,4.2,5.2,19.1,20.3,98.3,3.2,2014-15,103.1,104.8,99.9,101.2,3.1,3.5,0.574,1.62,16.9,0.288,0.716,0.503,0.142,0.489,0.531,94.2,92.82,77.35,7696,0.53
1610612748,Miami Heat,82,37,45,0.451,48.1,35.2,77.2,0.456,6.8,20.2,0.335,17.5,23.7,0.741,9.1,30.0,39.1,19.8,14.8,7.8,4.5,4.4,20.0,20.9,94.7,-2.6,2014-15,101.5,103.2,103.8,106.1,-2.4,-3.0,0.564,1.34,16.1,0.284,0.687,0.489,0.161,0.5,0.54,93.3,91.49,76.24,7526,0.492
1610612749,Milwaukee Bucks,82,41,41,0.5,48.6,37.6,82.0,0.459,6.6,18.3,0.363,16.0,21.1,0.757,10.7,31.4,42.1,23.6,16.7,9.6,4.9,4.8,22.1,20.1,97.8,0.4,2014-15,100.5,102.0,99.3,101.4,1.2,0.6,0.627,1.41,17.8,0.29,0.686,0.491,0.175,0.499,0.536,96.5,94.82,79.02,7867,0.511
1610612750,Minnesota Timberwolves,82,16,66,0.195,48.3,36.4,83.2,0.438,5.0,14.9,0.332,20.0,25.7,0.776,11.6,29.3,40.9,21.6,15.0,8.1,4.0,5.5,19.2,21.4,97.8,-8.8,2014-15,99.8,101.8,109.6,110.9,-9.8,-9.1,0.593,1.44,16.3,0.311,0.682,0.489,0.156,0.468,0.517,97.0,95.45,79.54,7873,0.453
1610612740,New Orleans Pelicans,82,45,37,0.549,48.2,37.9,82.9,0.457,7.1,19.3,0.37,16.4,21.8,0.751,11.5,32.0,43.5,22.0,13.3,6.7,6.2,5.8,18.7,18.7,99.4,0.8,2014-15,105.4,107.1,104.7,106.3,0.7,0.8,0.581,1.66,17.1,0.309,0.712,0.511,0.143,0.501,0.537,93.7,92.29,76.91,7608,0.508
1610612752,New York Knicks,82,17,65,0.207,48.4,35.1,82.0,0.428,6.8,19.7,0.347,14.8,19.2,0.769,10.6,29.8,40.4,21.3,14.7,7.0,4.7,4.3,21.6,19.1,91.9,-9.3,2014-15,97.1,98.9,107.2,109.0,-10.1,-10.1,0.606,1.45,16.7,0.289,0.691,0.484,0.158,0.47,0.508,93.7,92.06,76.72,7618,0.441
1610612760,Oklahoma City Thunder,82,45,37,0.549,48.4,38.8,86.8,0.447,7.7,22.7,0.339,18.6,24.6,0.754,12.8,34.7,47.5,20.5,14.7,7.3,5.5,4.6,22.3,20.4,104.0,2.2,2014-15,104.5,106.7,103.1,104.6,1.3,2.1,0.528,1.4,15.3,0.318,0.73,0.524,0.151,0.492,0.532,98.3,96.61,80.51,7988,0.505
1610612753,Orlando Magic,82,25,57,0.305,48.2,37.5,82.8,0.453,6.8,19.5,0.347,13.9,19.1,0.729,10.0,31.8,41.8,20.6,14.9,7.9,3.8,5.4,20.9,17.9,95.7,-5.7,2014-15,99.6,101.0,105.2,106.8,-5.6,-5.9,0.55,1.39,16.2,0.269,0.716,0.491,0.157,0.494,0.524,95.9,94.51,78.76,7773,0.455
1610612755,Philadelphia 76ers,82,18,64,0.22,48.3,33.7,82.6,0.408,8.4,26.3,0.32,16.1,23.8,0.676,11.9,30.9,42.9,20.5,17.7,9.6,5.9,5.5,21.7,20.2,92.0,-9.0,2014-15,93.0,94.9,102.1,103.9,-9.1,-9.0,0.609,1.16,15.5,0.293,0.686,0.48,0.183,0.459,0.494,98.3,96.45,80.37,7950,0.426
1610612756,Phoenix Suns,82,39,43,0.476,48.5,38.8,85.8,0.452,8.5,25.0,0.341,16.4,21.5,0.76,10.9,32.2,43.2,20.2,15.1,8.5,4.7,4.1,21.3,20.3,102.4,-0.9,2014-15,102.9,104.2,103.4,105.3,-0.5,-1.1,0.522,1.34,15.4,0.281,0.698,0.489,0.154,0.501,0.537,98.7,97.2,81.0,8058,0.491
1610612757,Portland Trail Blazers,82,51,31,0.622,48.4,38.7,86.0,0.45,9.8,27.2,0.362,15.5,19.4,0.801,10.7,35.1,45.9,21.9,13.6,6.4,4.5,3.6,18.2,18.7,102.8,4.2,2014-15,105.5,107.1,101.4,102.8,4.2,4.3,0.567,1.61,16.8,0.282,0.728,0.51,0.142,0.508,0.544,96.5,95.06,79.22,7868,0.522
1610612758,Sacramento Kings,82,29,53,0.354,48.4,36.7,80.7,0.455,5.6,16.5,0.341,22.3,29.3,0.762,10.9,33.3,44.2,20.3,16.3,6.7,4.0,6.2,20.7,23.9,101.3,-3.7,2014-15,102.5,104.5,106.5,108.2,-4.0,-3.7,0.554,1.25,15.5,0.313,0.715,0.519,0.168,0.49,0.542,97.9,96.16,80.13,7952,0.485
1610612759,San Antonio Spurs,82,55,27,0.671,48.7,39.1,83.6,0.468,8.3,22.5,0.367,16.7,21.4,0.78,9.8,33.8,43.6,24.4,14.0,8.0,5.4,4.4,19.1,19.7,103.2,6.2,2014-15,106.2,107.6,99.6,101.4,6.6,6.3,0.623,1.75,18.4,0.272,0.73,0.507,0.146,0.517,0.555,95.9,94.45,78.71,7860,0.545
1610612761,Toronto Raptors,82,49,33,0.598,48.4,37.9,83.3,0.455,8.9,25.1,0.352,19.3,24.6,0.787,10.7,30.8,41.5,20.7,12.9,7.5,4.4,5.0,20.9,20.3,104.0,3.1,2014-15,108.1,110.2,104.8,107.1,3.2,3.1,0.547,1.61,16.1,0.301,0.689,0.494,0.137,0.508,0.553,95.4,93.46,77.88,7736,0.506
1610612762,Utah Jazz,82,38,44,0.463,48.1,35.4,79.2,0.447,7.4,21.7,0.343,17.0,23.5,0.721,12.0,31.9,44.0,19.9,15.3,7.6,6.0,4.7,19.3,19.6,95.1,0.2,2014-15,102.5,104.2,102.1,104.1,0.5,0.1,0.563,1.3,15.8,0.332,0.715,0.524,0.168,0.494,0.531,92.8,91.1,75.91,7486,0.507
1610612764,Washington Wizards,82,46,36,0.561,48.7,38.3,82.8,0.462,6.1,16.8,0.36,15.9,21.4,0.742,10.5,34.2,44.7,24.0,15.0,7.3,4.6,4.3,20.8,19.6,98.5,0.7,2014-15,101.8,103.0,100.0,102.4,1.9,0.6,0.627,1.6,18.1,0.288,0.726,0.514,0.157,0.499,0.534,96.0,94.29,78.58,7844,0.525
1610612737,Atlanta Hawks,82,48,34,0.585,48.4,38.6,84.4,0.458,9.9,28.4,0.35,15.6,20.0,0.783,8.3,33.8,42.1,25.6,15.0,9.1,5.9,5.0,19.1,18.3,102.8,3.6,2015-16,103.0,104.6,98.8,100.8,4.1,3.9,0.663,1.71,19.0,0.234,0.698,0.474,0.152,0.516,0.552,99.4,97.63,81.36,8059,0.528
1610612738,Boston Celtics,82,48,34,0.585,48.2,39.2,89.2,0.439,8.7,26.1,0.335,18.5,23.5,0.788,11.6,33.3,44.9,24.2,13.7,9.2,4.2,5.5,21.9,21.0,105.7,3.2,2015-16,103.9,105.8,100.9,102.5,3.0,3.3,0.616,1.76,17.4,0.29,0.707,0.495,0.138,0.488,0.531,101.1,99.43,82.86,8191,0.52
1610612751,Brooklyn Nets,82,21,61,0.256,48.2,38.2,84.4,0.453,6.5,18.4,0.352,15.7,20.7,0.757,10.5,31.9,42.4,22.3,14.8,7.6,4.0,5.2,18.0,18.4,98.6,-7.4,2015-16,100.9,102.4,108.5,109.7,-7.6,-7.4,0.583,1.51,17.0,0.279,0.716,0.494,0.153,0.492,0.527,97.4,96.12,80.1,7903,0.46
1610612766,Charlotte Hornets,82,48,34,0.585,48.4,37.0,84.4,0.439,10.6,29.4,0.362,18.7,23.7,0.79,9.0,35.0,43.9,21.7,12.5,7.3,5.3,5.5,18.1,20.4,103.4,2.7,2015-16,105.1,106.4,101.8,103.7,3.3,2.7,0.586,1.73,16.7,0.244,0.754,0.499,0.129,0.502,0.545,97.8,96.24,80.2,7966,0.511
1610612741,Chicago Bulls,82,42,40,0.512,48.5,38.6,87.4,0.441,7.9,21.4,0.371,16.5,21.0,0.787,11.1,35.2,46.3,22.8,13.9,6.0,5.7,5.7,18.8,18.7,101.6,-1.5,2015-16,102.1,104.1,103.9,105.5,-1.8,-1.4,0.591,1.64,17.0,0.29,0.714,0.506,0.142,0.487,0.526,98.2,96.6,80.5,8008,0.494
1610612739,Cleveland Cavaliers,82,57,25,0.695,48.4,38.7,84.0,0.46,10.7,29.6,0.362,16.3,21.7,0.748,10.6,33.9,44.5,22.7,13.6,6.7,3.9,4.4,20.3,20.6,104.3,6.0,2015-16,108.1,110.2,102.3,103.9,5.8,6.3,0.587,1.67,17.4,0.294,0.742,0.519,0.143,0.524,0.558,95.5,93.82,78.19,7764,0.528
1610612742,Dallas Mavericks,82,42,40,0.512,48.8,37.4,84.1,0.444,9.8,28.6,0.344,17.7,22.3,0.794,9.2,33.9,43.1,22.1,12.8,6.8,3.7,4.4,19.5,21.4,102.3,-0.3,2015-16,104.8,105.5,104.3,105.9,0.6,-0.4,0.592,1.73,17.0,0.241,0.723,0.484,0.132,0.502,0.544,96.4,95.34,79.45,7950,0.503
1610612743,Denver Nuggets,82,33,49,0.402,48.4,37.7,85.4,0.442,8.0,23.7,0.338,18.5,24.1,0.766,11.5,33.1,44.6,22.7,14.7,7.4,4.8,6.3,21.0,20.9,101.9,-3.1,2015-16,102.7,104.9,106.4,108.2,-3.7,-3.3,0.601,1.55,16.9,0.304,0.732,0.513,0.151,0.489,0.531,98.2,96.34,80.28,7963,0.479
1610612765,Detroit Pistons,82,44,38,0.537,48.5,37.9,86.4,0.439,9.0,26.2,0.345,17.1,25.5,0.668,12.5,33.9,46.3,19.4,13.5,7.0,3.7,4.5,19.0,21.6,102.0,0.6,2015-16,103.3,105.3,103.4,104.9,-0.2,0.3,0.512,1.44,14.8,0.313,0.753,0.521,0.14,0.491,0.522,97.4,95.75,79.79,7942,0.486
1610612744,Golden State Warriors,82,73,9,0.89,48.5,42.5,87.3,0.487,13.1,31.6,0.416,16.7,21.8,0.763,10.0,36.2,46.2,28.9,15.2,8.4,6.1,4.1,20.7,19.8,114.9,10.8,2015-16,112.5,113.5,100.9,102.8,11.6,10.6,0.68,1.91,20.4,0.267,0.72,0.507,0.15,0.563,0.593,101.6,100.24,83.54,8303,0.567
1610612745,Houston Rockets,82,41,41,0.5,48.4,37.7,83.5,0.452,10.7,30.9,0.347,20.4,29.4,0.694,11.3,31.7,43.1,22.2,15.9,10.0,5.2,4.9,21.8,22.5,106.5,0.2,2015-16,105.5,107.3,105.6,107.3,-0.2,0.0,0.589,1.39,16.4,0.297,0.692,0.492,0.161,0.516,0.553,100.1,98.42,82.02,8139,0.49
1610612754,Indiana Pacers,82,45,37,0.549,48.5,38.3,85.2,0.45,8.1,23.0,0.351,17.4,22.8,0.764,10.3,33.9,44.2,21.2,14.9,9.0,4.8,4.5,20.0,20.4,102.2,1.7,2015-16,102.4,103.8,100.2,102.2,2.2,1.6,0.554,1.43,16.1,0.271,0.714,0.494,0.151,0.497,0.536,99.0,97.35,81.13,8068,0.518
1610612746,LA Clippers,82,53,29,0.646,48.4,38.3,82.4,0.465,9.7,26.7,0.364,18.2,26.2,0.692,8.8,33.3,42.0,22.8,13.0,8.6,5.6,3.2,21.3,22.5,104.5,4.3,2015-16,106.5,107.2,100.9,102.7,5.5,4.5,0.596,1.76,17.4,0.234,0.697,0.472,0.133,0.524,0.556,98.0,96.81,80.68,7995,0.533
1610612747,Los Angeles Lakers,82,17,65,0.207,48.1,35.1,84.8,0.414,7.8,24.6,0.317,19.3,24.7,0.781,10.7,32.3,43.0,18.0,13.7,7.2,4.1,5.6,20.3,19.2,97.3,-9.6,2015-16,98.6,100.7,109.3,110.3,-10.7,-9.7,0.513,1.31,14.1,0.271,0.712,0.484,0.142,0.46,0.509,98.0,96.55,80.46,7930,0.424
1610612763,Memphis Grizzlies,82,42,40,0.512,48.4,36.8,83.6,0.44,6.1,18.5,0.331,19.3,24.7,0.783,11.2,30.5,41.6,20.7,13.3,8.8,4.3,5.7,21.7,21.1,99.1,-2.2,2015-16,102.6,104.7,105.4,107.1,-2.9,-2.4,0.562,1.56,16.0,0.298,0.709,0.495,0.14,0.477,0.524,95.7,93.95,78.29,7763,0.483
1610612748,Miami Heat,82,48,34,0.585,48.4,38.4,81.7,0.47,6.1,18.0,0.336,17.1,23.0,0.744,9.8,34.3,44.1,20.8,14.1,6.7,6.5,4.1,18.3,19.6,100.0,1.6,2015-16,104.2,105.5,101.5,103.7,2.6,1.7,0.543,1.48,16.3,0.28,0.729,0.512,0.148,0.508,0.545,95.7,94.14,78.45,7779,0.525
1610612749,Milwaukee Bucks,82,33,49,0.402,48.4,38.4,82.2,0.467,5.4,15.6,0.345,17.0,22.7,0.747,10.5,31.2,41.7,23.1,15.2,8.2,5.8,5.6,20.7,19.5,99.0,-4.2,2015-16,102.2,103.4,105.7,107.8,-3.5,-4.5,0.603,1.52,17.6,0.286,0.689,0.49,0.159,0.499,0.537,96.6,95.05,79.21,7858,0.483
1610612750,Minnesota Timberwolves,82,29,53,0.354,48.5,37.7,81.3,0.464,5.5,16.4,0.338,21.4,27.0,0.792,10.0,31.5,41.6,23.4,15.0,8.0,4.6,5.2,20.7,21.6,102.4,-3.5,2015-16,104.3,105.4,107.1,109.0,-2.8,-3.5,0.619,1.56,17.6,0.279,0.702,0.494,0.155,0.498,0.549,97.6,96.2,80.17,7965,0.497
1610612740,New Orleans Pelicans,82,30,52,0.366,48.2,38.5,85.9,0.448,8.6,23.8,0.36,17.3,22.2,0.776,9.5,33.1,42.6,22.2,13.4,7.7,4.2,5.2,20.9,19.9,102.7,-3.8,2015-16,103.2,104.8,107.3,108.4,-4.1,-3.7,0.577,1.65,16.8,0.252,0.748,0.493,0.137,0.498,0.537,98.9,97.64,81.37,8041,0.472
1610612752,New York Knicks,82,32,50,0.39,48.3,36.9,84.0,0.439,7.4,21.5,0.346,17.2,21.4,0.805,10.4,34.0,44.4,20.5,13.4,5.7,5.7,4.2,19.7,18.5,98.4,-2.7,2015-16,102.0,103.9,104.8,106.7,-2.8,-2.8,0.557,1.53,16.0,0.28,0.718,0.502,0.142,0.483,0.527,95.8,94.12,78.43,7763,0.487
1610612760,Oklahoma City Thunder,82,55,27,0.671,48.4,41.1,86.4,0.476,8.3,23.7,0.349,19.7,25.2,0.782,13.1,35.6,48.6,23.0,15.9,7.4,5.9,4.5,20.6,20.2,110.2,7.3,2015-16,109.9,112.1,103.0,104.8,6.9,7.4,0.558,1.44,16.7,0.347,0.72,0.541,0.162,0.524,0.565,99.4,97.54,81.28,8061,0.546
1610612753,Orlando Magic,82,35,47,0.427,48.5,39.5,86.8,0.455,7.8,22.2,0.35,15.2,20.1,0.757,10.3,33.0,43.3,23.6,14.1,8.2,5.1,5.5,20.7,18.3,102.1,-1.6,2015-16,102.6,104.4,104.6,106.0,-2.0,-1.6,0.596,1.67,17.6,0.271,0.726,0.495,0.144,0.5,0.533,98.2,96.68,80.57,8018,0.488
1610612755,Philadelphia 76ers,82,10,72,0.122,48.3,36.2,84.0,0.431,9.3,27.5,0.339,15.7,22.6,0.694,9.5,31.8,41.2,21.5,16.4,8.3,6.0,5.7,21.7,19.2,97.4,-10.2,2015-16,96.6,98.4,106.7,108.6,-10.0,-10.2,0.594,1.31,16.3,0.25,0.693,0.466,0.165,0.487,0.519,100.2,98.44,82.03,8119,0.428
1610612756,Phoenix Suns,82,23,59,0.28,48.1,37.2,85.6,0.435,9.0,25.8,0.348,17.5,23.2,0.751,11.5,33.3,44.8,20.7,17.2,7.7,3.8,5.5,22.7,21.6,100.9,-6.7,2015-16,99.4,101.5,107.0,107.9,-7.6,-6.5,0.558,1.21,15.4,0.297,0.733,0.508,0.173,0.487,0.526,100.9,99.39,82.82,8152,0.45
1610612757,Portland Trail Blazers,82,44,38,0.537,48.3,38.6,85.9,0.45,10.5,28.5,0.37,17.4,23.0,0.754,11.6,33.9,45.5,21.3,14.6,6.9,4.6,5.2,21.7,19.5,105.1,0.8,2015-16,106.1,107.6,105.6,106.8,0.6,0.8,0.552,1.46,16.0,0.294,0.728,0.51,0.15,0.511,0.548,98.3,97.06,80.88,8012,0.493
1610612758,Sacramento Kings,82,33,49,0.402,48.3,40.0,86.4,0.464,8.0,22.4,0.359,18.5,25.5,0.725,10.6,33.7,44.2,24.5,16.2,8.9,4.5,5.3,20.4,22.0,106.6,-2.5,2015-16,103.3,105.3,106.3,107.6,-3.0,-2.3,0.612,1.52,17.6,0.281,0.717,0.5,0.16,0.51,0.546,102.2,100.66,83.88,8302,0.494
1610612759,San Antonio Spurs,82,67,15,0.817,48.1,40.1,82.9,0.484,7.0,18.5,0.375,16.4,20.4,0.803,9.4,34.5,43.9,24.5,13.1,8.3,5.9,3.9,17.5,19.5,103.5,10.6,2015-16,108.4,109.3,96.6,98.2,11.8,11.1,0.611,1.88,18.8,0.266,0.746,0.516,0.138,0.526,0.564,95.7,94.54,78.78,7767,0.578
1610612761,Toronto Raptors,82,56,26,0.683,48.2,36.7,81.3,0.451,8.6,23.4,0.37,20.8,26.7,0.777,10.2,33.2,43.4,18.7,13.1,7.8,5.5,5.4,19.6,22.0,102.7,4.5,2015-16,107.0,109.3,102.7,104.8,4.3,4.4,0.511,1.43,14.9,0.3,0.736,0.52,0.139,0.504,0.552,95.3,93.35,77.8,7707,0.525
1610612762,Utah Jazz,82,40,42,0.488,48.7,36.1,80.4,0.449,8.5,23.9,0.355,17.1,23.0,0.744,10.7,32.5,43.2,19.0,14.9,7.7,5.2,4.7,20.2,19.9,97.7,1.8,2015-16,103.1,105.0,101.6,103.2,1.6,1.8,0.526,1.27,15.1,0.303,0.731,0.517,0.161,0.501,0.54,93.3,91.66,76.39,7625,0.508
1610612764,Washington Wizards,82,41,41,0.5,48.2,39.5,85.8,0.46,8.6,24.2,0.358,16.5,22.5,0.73,9.1,32.8,41.8,24.5,14.5,8.6,3.9,4.3,20.8,20.1,104.1,-0.5,2015-16,102.9,104.5,103.6,105.1,-0.7,-0.5,0.619,1.69,18.1,0.25,0.737,0.49,0.145,0.511,0.544,100.6,99.16,82.63,8163,0.497
1610612737,Atlanta Hawks,82,43,39,0.524,48.5,38.1,84.4,0.451,8.9,26.1,0.341,18.1,24.9,0.728,10.3,34.1,44.3,23.6,15.8,8.2,4.8,5.2,18.2,21.6,103.2,-0.9,2016-17,102.3,104.5,103.1,105.2,-0.8,-0.7,0.621,1.5,17.4,0.282,0.717,0.502,0.16,0.504,0.541,99.8,97.76,81.46,8091,0.506
1610612738,Boston Celtics,82,53,29,0.646,48.2,38.6,85.1,0.454,12.0,33.4,0.359,18.7,23.2,0.807,9.1,32.9,42.0,25.2,13.3,7.5,4.1,5.2,20.6,20.3,108.0,2.6,2016-17,108.6,110.6,105.5,108.0,3.1,2.6,0.653,1.9,18.8,0.259,0.705,0.485,0.136,0.525,0.567,99.3,97.21,81.01,8005,0.514
1610612751,Brooklyn Nets,82,20,62,0.244,48.2,37.8,85.2,0.444,10.7,31.6,0.338,19.4,24.6,0.788,8.8,35.1,43.9,21.4,16.5,7.2,4.7,5.6,21.0,20.4,105.8,-6.7,2016-17,101.9,103.6,108.0,110.1,-6.1,-6.5,0.566,1.29,15.9,0.241,0.716,0.483,0.162,0.507,0.551,103.6,101.75,84.79,8371,0.46
1610612766,Charlotte Hornets,82,36,46,0.439,48.4,37.7,85.4,0.442,10.0,28.6,0.351,19.4,23.8,0.815,8.8,34.8,43.6,23.1,11.5,7.0,4.8,5.5,16.6,19.9,104.9,0.2,2016-17,106.4,108.4,106.1,108.4,0.3,0.0,0.611,2.01,17.6,0.247,0.749,0.496,0.119,0.501,0.547,97.8,95.92,79.93,7934,0.505
1610612741,Chicago Bulls,82,41,41,0.5,48.2,38.6,87.1,0.444,7.6,22.3,0.34,18.0,22.5,0.798,12.2,34.1,46.3,22.6,13.6,7.8,4.8,4.6,17.7,18.8,102.9,0.4,2016-17,104.6,106.5,104.5,106.2,0.1,0.3,0.584,1.66,16.8,0.311,0.733,0.519,0.14,0.487,0.53,97.7,96.02,80.02,7919,0.504
1610612739,Cleveland Cavaliers,82,51,31,0.622,48.5,39.9,84.9,0.47,13.0,33.9,0.384,17.5,23.3,0.748,9.3,34.4,43.7,22.7,13.7,6.6,4.0,4.3,18.1,20.6,110.3,3.2,2016-17,110.9,112.8,108.0,109.7,2.9,3.1,0.567,1.66,17.1,0.264,0.722,0.499,0.14,0.547,0.58,98.4,96.74,80.61,8019,0.51
1610612742,Dallas Mavericks,82,33,49,0.402,48.2,36.2,82.3,0.44,10.7,30.2,0.355,14.8,18.5,0.801,7.9,30.7,38.6,20.8,11.9,7.5,3.7,3.4,19.1,19.4,97.9,-2.9,2016-17,103.7,104.7,106.3,107.7,-2.6,-3.0,0.574,1.75,16.8,0.216,0.733,0.465,0.127,0.505,0.541,94.2,93.11,77.59,7668,0.479
1610612743,Denver Nuggets,82,40,42,0.488,48.2,41.2,87.7,0.469,10.6,28.8,0.368,18.7,24.2,0.774,11.8,34.6,46.4,25.3,15.0,6.9,3.9,4.9,19.1,20.2,111.7,0.5,2016-17,110.0,112.2,110.5,111.7,-0.5,0.4,0.615,1.69,18.2,0.314,0.753,0.532,0.15,0.53,0.568,100.7,99.18,82.65,8167,0.503
1610612765,Detroit Pistons,82,37,45,0.451,48.3,39.9,88.8,0.449,7.7,23.4,0.33,13.9,19.3,0.719,11.1,34.6,45.7,21.1,11.9,7.0,3.8,4.1,17.9,17.5,101.3,-1.1,2016-17,103.3,105.3,105.3,106.7,-2.0,-1.4,0.53,1.78,16.1,0.286,0.775,0.519,0.123,0.492,0.521,97.1,95.52,79.6,7890,0.482
1610612744,Golden State Warriors,82,67,15,0.817,48.2,43.1,87.1,0.495,12.0,31.2,0.383,17.8,22.6,0.788,9.4,35.0,44.4,30.4,14.8,9.6,6.8,3.8,19.3,19.4,115.9,11.6,2016-17,113.2,114.8,101.1,103.4,12.1,11.4,0.705,2.06,21.2,0.272,0.709,0.504,0.146,0.563,0.597,102.2,100.37,83.65,8279,0.579
1610612745,Houston Rockets,82,55,27,0.671,48.2,40.3,87.2,0.462,14.4,40.3,0.357,20.3,26.5,0.766,10.9,33.5,44.4,25.2,15.1,8.2,4.3,5.0,19.9,20.4,115.3,5.8,2016-17,111.8,114.1,106.4,108.4,5.4,5.7,0.626,1.67,18.1,0.281,0.717,0.499,0.15,0.545,0.583,102.5,100.55,83.79,8289,0.516
1610612754,Indiana Pacers,82,42,40,0.512,48.4,39.3,84.5,0.465,8.6,23.0,0.376,17.9,22.1,0.81,9.0,33.0,42.0,22.5,13.8,8.2,5.0,5.0,19.5,19.5,105.1,-0.2,2016-17,106.2,107.9,106.3,108.1,-0.1,-0.2,0.572,1.63,17.2,0.255,0.713,0.488,0.141,0.516,0.558,98.1,96.59,80.49,7989,0.505
1610612746,LA Clippers,82,51,31,0.622,48.2,39.5,83.2,0.475,10.3,27.4,0.375,19.3,26.0,0.745,9.0,34.0,43.0,22.5,13.0,7.5,4.2,3.1,19.8,22.4,108.7,4.3,2016-17,110.3,111.8,105.8,107.5,4.5,4.4,0.57,1.74,17.2,0.256,0.733,0.501,0.133,0.537,0.574,98.2,96.77,80.64,7968,0.527
1610612747,Los Angeles Lakers,82,26,56,0.317,48.1,39.3,87.4,0.45,8.9,25.7,0.346,17.0,22.6,0.754,11.4,32.1,43.5,20.9,15.2,8.2,3.9,5.4,20.7,18.5,104.6,-6.9,2016-17,103.4,105.3,110.6,112.0,-7.2,-6.7,0.532,1.38,15.6,0.284,0.717,0.494,0.153,0.501,0.537,100.8,99.26,82.72,8143,0.446
1610612763,Memphis Grizzlies,82,43,39,0.524,48.5,36.4,83.6,0.435,9.4,26.5,0.354,18.3,23.4,0.784,10.8,32.0,42.8,21.3,12.9,8.0,4.2,5.0,22.4,20.8,100.5,0.5,2016-17,104.7,107.0,104.5,106.5,0.1,0.5,0.584,1.65,16.5,0.295,0.731,0.507,0.137,0.491,0.535,94.7,92.84,77.37,7702,0.501
1610612748,Miami Heat,82,41,41,0.5,48.2,39.0,85.8,0.455,9.9,27.0,0.365,15.2,21.6,0.706,10.6,33.0,43.6,21.2,13.4,7.2,5.7,4.9,20.5,18.7,103.2,1.1,2016-17,105.2,107.4,104.1,106.4,1.0,1.0,0.544,1.58,16.3,0.284,0.718,0.499,0.14,0.512,0.541,97.6,95.51,79.6,7875,0.5
1610612749,Milwaukee Bucks,82,42,40,0.512,48.2,38.8,81.9,0.474,8.8,23.7,0.37,17.2,22.4,0.768,8.8,31.6,40.4,24.2,14.0,8.1,5.3,4.6,20.2,19.3,103.6,-0.2,2016-17,106.9,108.5,106.4,108.7,0.5,-0.2,0.624,1.73,18.5,0.26,0.706,0.487,0.146,0.527,0.565,96.7,94.99,79.16,7828,0.504
1610612750,Minnesota Timberwolves,82,31,51,0.378,48.3,39.5,84.4,0.467,7.3,21.0,0.349,19.3,24.2,0.799,11.4,31.0,42.4,23.7,14.0,8.0,4.5,5.0,20.1,20.5,105.6,-1.1,2016-17,108.1,110.0,109.1,110.9,-1.0,-0.9,0.6,1.69,17.7,0.309,0.71,0.507,0.146,0.511,0.555,97.1,95.48,79.57,7870,0.501
1610612740,New Orleans Pelicans,82,34,48,0.415,48.5,39.1,87.0,0.45,9.4,26.8,0.35,16.7,22.3,0.75,8.6,35.1,43.7,22.8,12.9,7.8,5.5,4.2,18.2,19.3,104.3,-2.1,2016-17,103.3,104.7,104.9,106.8,-1.6,-2.1,0.582,1.77,17.1,0.228,0.728,0.48,0.129,0.504,0.539,100.1,98.56,82.13,8173,0.493
1610612752,New York Knicks,82,31,51,0.378,48.4,39.6,88.5,0.447,8.6,24.7,0.348,16.6,21.1,0.788,12.0,33.2,45.2,21.8,13.9,7.1,5.5,4.6,20.3,18.5,104.3,-3.7,2016-17,104.7,107.1,108.7,110.7,-4.1,-3.6,0.551,1.57,16.3,0.305,0.698,0.5,0.143,0.496,0.534,98.6,96.63,80.53,7990,0.482
1610612760,Oklahoma City Thunder,82,47,35,0.573,48.3,39.5,87.4,0.452,8.4,25.8,0.327,19.2,25.8,0.745,12.2,34.4,46.6,21.0,15.0,7.9,5.0,5.5,20.9,20.7,106.6,0.8,2016-17,105.0,107.9,105.1,107.1,-0.2,0.8,0.532,1.4,15.5,0.323,0.742,0.528,0.152,0.5,0.54,100.5,98.18,81.82,8099,0.499
1610612753,Orlando Magic,82,29,53,0.354,48.3,38.3,87.0,0.44,8.5,26.1,0.328,16.0,21.4,0.747,9.8,33.3,43.2,22.2,13.3,7.1,4.8,5.1,19.3,18.7,101.1,-6.6,2016-17,101.2,103.7,108.0,110.3,-6.8,-6.5,0.58,1.67,16.8,0.267,0.726,0.491,0.137,0.489,0.524,99.1,96.9,80.75,7989,0.46
1610612755,Philadelphia 76ers,82,28,54,0.341,48.4,37.7,85.3,0.442,10.1,29.8,0.34,17.0,22.0,0.771,9.8,33.0,42.8,23.8,16.7,8.4,5.1,5.4,21.9,19.6,102.4,-5.7,2016-17,100.7,102.7,106.4,108.2,-5.7,-5.5,0.631,1.43,17.4,0.273,0.709,0.49,0.167,0.501,0.539,101.0,99.07,82.56,8179,0.47
1610612756,Phoenix Suns,82,24,58,0.293,48.4,39.9,88.5,0.45,7.5,22.6,0.332,20.4,26.3,0.776,11.9,33.1,45.0,19.6,15.4,8.2,4.9,5.3,24.8,22.2,107.7,-5.6,2016-17,103.9,106.1,109.3,111.3,-5.4,-5.2,0.491,1.27,14.4,0.299,0.718,0.503,0.152,0.493,0.538,102.9,100.85,84.04,8320,0.462
1610612757,Portland Trail Blazers,82,41,41,0.5,48.6,39.5,86.1,0.459,10.4,27.7,0.375,18.5,23.7,0.78,10.1,33.5,43.7,21.1,13.7,7.0,5.0,5.3,21.2,19.8,107.9,-0.5,2016-17,107.8,109.4,107.8,110.0,0.0,-0.6,0.534,1.54,16.0,0.269,0.72,0.496,0.139,0.52,0.559,99.1,97.38,81.15,8088,0.493
1610612758,Sacramento Kings,82,32,50,0.39,48.5,37.9,82.1,0.461,9.0,23.9,0.376,18.1,23.3,0.775,8.7,32.3,41.1,22.5,14.6,7.6,4.0,5.1,20.3,20.1,102.8,-3.9,2016-17,104.6,106.6,109.1,110.8,-4.5,-4.2,0.594,1.54,17.3,0.258,0.723,0.492,0.152,0.516,0.556,97.1,95.42,79.52,7911,0.478
1610612759,San Antonio Spurs,82,61,21,0.744,48.3,39.3,83.7,0.469,9.2,23.5,0.391,17.6,22.0,0.797,10.0,33.9,43.9,23.8,13.4,8.0,5.9,4.1,18.3,19.8,105.3,7.2,2016-17,108.8,110.3,100.9,102.9,7.9,7.4,0.606,1.77,18.1,0.282,0.73,0.511,0.141,0.524,0.564,96.4,94.86,79.05,7832,0.551
1610612761,Toronto Raptors,82,51,31,0.622,48.2,39.2,84.4,0.464,8.8,24.3,0.363,19.7,24.7,0.796,10.6,32.6,43.3,18.5,12.7,8.3,4.9,4.8,20.8,20.3,106.9,4.2,2016-17,109.8,111.4,104.9,107.1,4.9,4.3,0.472,1.46,14.5,0.291,0.717,0.505,0.132,0.517,0.561,97.1,95.41,79.51,7867,0.516
1610612762,Utah Jazz,82,51,31,0.622,48.2,37.0,79.5,0.466,9.6,26.0,0.372,17.1,22.9,0.747,9.4,33.8,43.2,20.1,13.6,6.7,5.0,3.8,18.8,20.2,100.7,3.9,2016-17,107.4,109.0,102.7,104.7,4.7,4.3,0.544,1.48,16.2,0.27,0.743,0.514,0.148,0.526,0.563,93.6,92.09,76.75,7579,0.534
1610612764,Washington Wizards,82,49,33,0.598,48.4,41.3,87.0,0.475,9.2,24.8,0.372,17.3,22.1,0.784,10.3,32.6,42.9,23.9,14.2,8.5,4.1,4.6,21.3,19.8,109.2,1.8,2016-17,108.5,110.4,106.9,108.8,1.6,1.7,0.577,1.68,17.6,0.286,0.716,0.501,0.143,0.528,0.564,99.7,97.94,81.62,8109,0.511
1610612737,Atlanta Hawks,82,24,58,0.293,48.1,38.2,85.5,0.446,11.2,31.0,0.36,15.8,20.2,0.785,9.1,32.8,41.9,23.7,15.5,7.8,4.2,5.5,19.6,20.3,103.4,-5.5,2017-18,102.4,104.4,108.2,110.1,-5.8,-5.7,0.622,1.53,17.6,0.263,0.719,0.489,0.157,0.512,0.547,100.6,98.76,82.3,8114,0.468
1610612738,Boston Celtics,82,55,27,0.671,48.3,38.3,85.1,0.45,11.5,30.4,0.377,16.0,20.7,0.771,9.4,35.1,44.5,22.5,14.0,7.4,4.5,4.4,19.7,19.2,104.0,3.6,2017-18,105.3,106.8,101.5,103.2,3.7,3.6,0.586,1.6,17.0,0.263,0.739,0.504,0.144,0.518,0.552,98.2,96.75,80.63,7987,0.519
1610612751,Brooklyn Nets,82,28,54,0.341,48.4,38.2,86.8,0.441,12.7,35.7,0.356,17.4,22.6,0.772,9.7,34.8,44.4,23.7,15.2,6.2,4.8,5.5,20.6,19.7,106.6,-3.7,2017-18,104.3,106.1,108.5,109.7,-4.2,-3.6,0.619,1.56,17.3,0.251,0.731,0.489,0.151,0.514,0.551,101.1,99.66,83.05,8238,0.474
1610612766,Charlotte Hornets,82,36,46,0.439,48.2,39.0,86.7,0.45,10.0,27.2,0.369,20.2,27.0,0.747,10.1,35.4,45.5,21.6,12.7,6.8,4.5,4.9,17.2,22.4,108.2,0.3,2017-18,107.0,109.0,107.0,109.0,0.0,-0.1,0.554,1.7,16.1,0.271,0.763,0.512,0.128,0.508,0.549,100.5,98.66,82.21,8143,0.5
1610612741,Chicago Bulls,82,27,55,0.329,48.4,38.7,88.8,0.435,11.0,31.1,0.355,14.6,19.2,0.759,9.6,35.0,44.7,23.5,14.0,7.6,3.5,5.2,19.2,17.4,102.9,-7.0,2017-18,101.3,103.4,109.1,110.5,-7.8,-7.0,0.607,1.68,17.3,0.256,0.767,0.5,0.141,0.497,0.529,100.3,98.65,82.21,8160,0.453
1610612739,Cleveland Cavaliers,82,50,32,0.61,48.1,40.4,84.8,0.476,12.0,32.1,0.372,18.1,23.3,0.779,8.5,33.7,42.1,23.4,13.7,7.1,3.8,4.1,18.6,20.7,110.9,0.9,2017-18,110.6,112.0,109.5,111.1,1.0,1.0,0.579,1.7,17.5,0.243,0.73,0.492,0.139,0.547,0.584,100.1,98.72,82.27,8114,0.502
1610612742,Dallas Mavericks,82,24,58,0.293,48.3,38.1,85.9,0.444,11.8,32.8,0.36,14.2,18.7,0.763,8.1,33.1,41.3,22.7,12.3,7.0,3.8,4.5,19.2,19.6,102.3,-3.0,2017-18,104.1,105.4,107.4,108.4,-3.3,-2.9,0.594,1.85,17.3,0.224,0.749,0.478,0.127,0.513,0.544,97.5,96.53,80.44,7959,0.475
1610612743,Denver Nuggets,82,46,36,0.561,48.5,40.7,86.6,0.47,11.5,30.9,0.371,17.1,22.3,0.767,11.0,33.5,44.5,25.1,15.0,7.6,4.9,4.8,18.7,20.7,110.0,1.5,2017-18,109.6,111.4,108.8,110.0,0.8,1.4,0.617,1.68,18.2,0.3,0.736,0.517,0.151,0.536,0.57,99.1,97.69,81.41,8095,0.511
1610612765,Detroit Pistons,82,39,43,0.476,48.3,39.1,86.9,0.45,10.8,28.9,0.373,14.7,19.8,0.745,10.1,33.6,43.7,22.8,13.4,7.7,3.9,4.9,18.4,18.4,103.8,-0.1,2017-18,104.9,106.6,104.8,106.7,0.0,-0.1,0.582,1.7,17.1,0.269,0.74,0.499,0.138,0.512,0.543,98.4,96.75,80.62,7981,0.489
1610612744,Golden State Warriors,82,58,24,0.707,48.1,42.8,85.1,0.503,11.3,28.9,0.391,16.6,20.3,0.815,8.4,35.1,43.5,29.3,15.4,8.0,7.5,3.7,19.6,18.5,113.5,6.0,2017-18,112.3,112.8,104.2,106.8,8.1,5.9,0.685,1.9,20.9,0.243,0.712,0.497,0.153,0.569,0.603,101.8,100.35,83.63,8251,0.554
1610612745,Houston Rockets,82,65,17,0.793,48.2,38.7,84.2,0.46,15.3,42.3,0.362,19.6,25.1,0.781,9.0,34.5,43.5,21.5,13.8,8.5,4.8,4.4,19.5,20.4,112.4,8.5,2017-18,112.2,114.1,103.8,105.7,8.5,8.4,0.557,1.56,16.4,0.254,0.75,0.503,0.141,0.551,0.59,99.7,98.02,81.69,8078,0.531
1610612754,Indiana Pacers,82,48,34,0.585,48.2,40.8,86.4,0.472,9.0,24.5,0.369,14.9,19.2,0.779,9.6,32.7,42.3,22.2,13.3,8.8,4.1,5.2,18.8,18.5,105.6,1.4,2017-18,107.2,108.5,105.6,107.3,1.6,1.3,0.544,1.67,16.8,0.271,0.721,0.496,0.136,0.525,0.557,98.2,96.84,80.7,7977,0.509
1610612746,LA Clippers,82,42,40,0.512,48.1,40.3,85.4,0.471,9.5,26.8,0.354,19.0,25.5,0.743,10.1,33.7,43.9,22.3,14.7,7.7,4.5,5.6,20.0,22.0,109.0,0.0,2017-18,107.7,109.4,107.7,109.2,0.0,0.2,0.555,1.52,16.5,0.284,0.718,0.504,0.147,0.527,0.564,101.1,99.54,82.95,8167,0.497
1610612747,Los Angeles Lakers,82,35,47,0.427,48.5,40.7,88.4,0.461,10.0,29.1,0.345,16.6,23.3,0.714,10.7,35.7,46.4,23.8,15.8,7.7,4.7,5.5,21.2,20.5,108.1,-1.5,2017-18,104.2,106.0,105.6,107.3,-1.4,-1.3,0.584,1.51,17.0,0.279,0.729,0.505,0.155,0.517,0.548,102.6,100.9,84.08,8361,0.491
1610612763,Memphis Grizzlies,82,22,60,0.268,48.1,36.7,82.8,0.444,9.2,26.2,0.352,16.6,21.1,0.786,9.5,31.0,40.5,21.5,15.0,7.5,4.8,5.1,23.2,20.4,99.3,-6.2,2017-18,101.8,103.6,108.4,110.4,-6.6,-6.8,0.586,1.44,16.6,0.276,0.721,0.493,0.156,0.5,0.539,97.3,95.65,79.71,7865,0.46
1610612748,Miami Heat,82,44,38,0.537,48.6,38.8,85.3,0.455,11.0,30.6,0.36,14.7,19.5,0.755,9.3,34.2,43.5,22.7,14.4,7.6,5.3,4.6,20.1,19.4,103.4,0.5,2017-18,104.5,106.2,104.0,105.8,0.5,0.4,0.585,1.58,17.1,0.261,0.741,0.501,0.148,0.52,0.551,97.8,96.1,80.08,7985,0.505
1610612749,Milwaukee Bucks,82,44,38,0.537,48.4,39.7,83.0,0.478,8.8,24.7,0.355,18.3,23.4,0.783,8.4,31.5,39.8,23.2,13.8,8.8,5.4,4.5,21.4,19.9,106.5,-0.3,2017-18,107.8,109.0,107.1,109.1,0.7,-0.2,0.585,1.68,17.7,0.244,0.709,0.48,0.142,0.531,0.571,98.5,97.03,80.86,8013,0.502
1610612750,Minnesota Timberwolves,82,47,35,0.573,48.3,41.0,86.1,0.476,8.0,22.5,0.357,19.4,24.1,0.804,10.3,31.6,42.0,22.7,12.5,8.4,4.2,4.7,18.2,20.9,109.5,2.2,2017-18,110.8,112.5,108.4,110.2,2.4,2.3,0.553,1.82,17.0,0.289,0.72,0.503,0.128,0.523,0.566,98.3,96.75,80.62,7985,0.518
1610612740,New Orleans Pelicans,82,48,34,0.585,48.7,42.7,88.3,0.483,10.2,28.2,0.362,16.1,20.9,0.772,8.7,35.6,44.3,26.8,14.9,8.0,5.9,4.2,19.1,20.4,111.7,1.3,2017-18,107.7,108.5,105.6,107.4,2.1,1.1,0.627,1.79,19.0,0.24,0.726,0.494,0.145,0.541,0.573,102.7,101.48,84.57,8443,0.525
1610612752,New York Knicks,82,29,53,0.354,48.4,40.7,87.7,0.464,8.2,23.3,0.352,14.9,19.0,0.787,10.5,33.6,44.0,23.3,14.7,6.7,5.1,4.7,20.5,18.4,104.5,-3.6,2017-18,104.1,106.3,108.4,109.7,-4.3,-3.4,0.573,1.58,17.2,0.289,0.727,0.509,0.15,0.51,0.544,99.2,97.64,81.37,8059,0.481
1610612760,Oklahoma City Thunder,82,48,34,0.585,48.4,39.9,88.1,0.453,10.7,30.4,0.354,17.3,24.2,0.716,12.5,32.6,45.1,21.3,14.0,9.1,5.0,4.6,20.2,21.3,107.9,3.4,2017-18,107.6,110.1,104.7,106.4,2.9,3.7,0.535,1.53,15.8,0.32,0.725,0.515,0.143,0.514,0.546,99.2,97.34,81.11,8036,0.508
1610612753,Orlando Magic,82,25,57,0.305,48.1,38.8,85.9,0.452,10.3,29.3,0.351,15.5,20.5,0.757,8.8,32.8,41.6,23.4,14.5,7.6,4.9,4.9,19.3,19.0,103.4,-4.8,2017-18,102.8,104.7,107.7,109.4,-4.9,-4.7,0.604,1.61,17.5,0.248,0.714,0.48,0.147,0.512,0.545,100.3,98.58,82.15,8096,0.472
1610612755,Philadelphia 76ers,82,52,30,0.634,48.2,40.8,86.6,0.472,11.0,29.8,0.369,17.1,22.8,0.752,10.9,36.5,47.4,27.1,16.5,8.3,5.1,5.1,22.1,20.4,109.8,4.5,2017-18,107.4,108.5,102.0,103.9,5.4,4.6,0.663,1.64,19.1,0.286,0.736,0.52,0.163,0.535,0.568,102.2,100.75,83.96,8299,0.542
1610612756,Phoenix Suns,82,21,61,0.256,48.1,38.5,87.1,0.442,9.3,27.9,0.334,17.7,23.9,0.741,10.3,33.9,44.1,21.3,15.7,6.9,4.5,6.0,22.0,20.9,103.9,-9.4,2017-18,100.8,102.8,110.6,111.7,-9.7,-9.0,0.553,1.35,15.6,0.271,0.724,0.493,0.155,0.495,0.532,102.6,101.14,84.28,8293,0.442
1610612757,Portland Trail Blazers,82,49,33,0.598,48.2,39.3,87.0,0.452,10.3,28.1,0.366,16.7,20.9,0.8,10.2,35.3,45.5,19.5,13.5,7.0,5.2,5.1,19.5,19.1,105.6,2.6,2017-18,106.1,108.4,104.2,105.7,1.9,2.7,0.496,1.44,15.0,0.279,0.746,0.513,0.139,0.511,0.549,98.8,97.11,80.93,7992,0.51
1610612758,Sacramento Kings,82,27,55,0.329,48.2,38.8,86.1,0.45,9.0,24.0,0.375,12.3,16.7,0.735,9.5,31.4,40.9,21.6,13.7,7.8,4.1,4.7,20.0,17.3,98.8,-7.0,2017-18,101.1,103.1,109.0,110.4,-7.9,-7.3,0.556,1.57,16.6,0.264,0.731,0.489,0.143,0.502,0.529,97.1,95.5,79.58,7860,0.451
1610612759,San Antonio Spurs,82,47,35,0.573,48.1,39.0,85.4,0.457,8.5,24.1,0.352,16.1,20.9,0.772,10.4,33.9,44.2,22.8,13.1,7.7,5.6,3.9,17.2,19.7,102.7,2.9,2017-18,105.5,107.1,102.4,104.1,3.1,3.0,0.583,1.73,17.3,0.277,0.741,0.508,0.137,0.507,0.543,97.2,95.7,79.75,7867,0.525
1610612761,Toronto Raptors,82,59,23,0.72,48.4,41.3,87.4,0.472,11.8,33.0,0.358,17.3,21.8,0.794,9.8,34.2,44.0,24.3,13.4,7.6,6.1,4.9,21.7,19.9,111.7,7.8,2017-18,111.0,113.0,103.4,105.3,7.6,7.7,0.59,1.82,17.9,0.274,0.725,0.502,0.135,0.539,0.575,99.8,98.02,81.68,8104,0.538
1610612762,Utah Jazz,82,48,34,0.585,48.2,38.3,82.9,0.462,10.8,29.6,0.366,16.8,21.5,0.779,9.0,34.2,43.3,22.4,14.7,8.6,5.1,4.6,19.6,20.5,104.1,4.3,2017-18,106.2,107.4,101.6,103.0,4.6,4.4,0.586,1.53,17.1,0.256,0.756,0.509,0.152,0.527,0.564,97.8,96.58,80.48,7951,0.532
1610612764,Washington Wizards,82,43,39,0.524,48.4,39.9,85.6,0.467,9.9,26.5,0.375,16.8,21.8,0.772,10.0,33.1,43.1,25.2,14.6,7.9,4.3,4.7,21.3,20.0,106.6,0.6,2017-18,106.9,108.1,106.2,107.7,0.7,0.4,0.631,1.73,18.4,0.274,0.732,0.504,0.148,0.525,0.56,98.9,97.67,81.39,8087,0.509
1610612737,Atlanta Hawks,82,29,53,0.354,48.4,41.4,91.8,0.451,13.0,37.0,0.352,17.6,23.4,0.752,11.6,34.5,46.1,25.8,17.0,8.2,5.1,5.5,23.6,22.2,113.3,-6.0,2018-19,105.5,107.5,111.2,113.1,-5.7,-5.5,0.624,1.52,17.7,0.284,0.718,0.496,0.162,0.522,0.555,106.4,104.56,87.13,8642,0.464
1610612738,Boston Celtics,82,49,33,0.598,48.2,42.1,90.5,0.465,12.6,34.5,0.365,15.6,19.5,0.802,9.8,34.7,44.5,26.3,12.8,8.6,5.3,3.9,20.4,19.5,112.4,4.4,2018-19,110.1,111.3,104.9,107.0,5.1,4.3,0.624,2.05,18.8,0.257,0.728,0.495,0.127,0.534,0.567,102.0,100.43,83.69,8282,0.53
1610612751,Brooklyn Nets,82,42,40,0.512,48.7,40.3,89.7,0.449,12.8,36.2,0.353,19.0,25.5,0.745,11.0,35.6,46.6,23.8,15.1,6.6,4.1,5.3,21.5,22.0,112.2,-0.1,2018-19,106.9,108.9,107.0,109.0,-0.1,-0.1,0.592,1.58,16.9,0.282,0.72,0.501,0.146,0.52,0.556,103.4,101.52,84.6,8452,0.492
1610612766,Charlotte Hornets,82,39,43,0.476,48.4,40.2,89.8,0.448,11.9,33.9,0.351,18.4,23.1,0.797,9.9,33.9,43.8,23.2,12.2,7.2,4.9,6.0,18.9,20.6,110.7,-1.1,2018-19,108.3,110.7,110.2,112.0,-1.8,-1.3,0.578,1.9,17.0,0.268,0.731,0.495,0.122,0.514,0.554,101.1,99.18,82.65,8202,0.486
1610612741,Chicago Bulls,82,22,60,0.268,48.5,39.8,87.9,0.453,9.1,25.9,0.351,16.2,20.7,0.783,8.8,34.1,42.9,21.9,14.1,7.4,4.3,5.8,20.3,18.7,104.9,-8.4,2018-19,102.5,104.5,110.9,112.8,-8.4,-8.3,0.55,1.55,16.3,0.242,0.727,0.483,0.141,0.505,0.541,101.1,99.3,82.75,8232,0.453
1610612739,Cleveland Cavaliers,82,19,63,0.232,48.2,38.9,87.6,0.444,10.3,29.1,0.355,16.4,20.7,0.792,10.7,31.9,42.7,20.7,13.5,6.5,2.4,5.6,20.0,19.4,104.5,-9.6,2018-19,105.0,106.8,115.1,116.8,-10.1,-10.0,0.532,1.54,15.6,0.282,0.732,0.496,0.138,0.503,0.54,98.9,97.37,81.14,8021,0.436
1610612742,Dallas Mavericks,82,33,49,0.402,48.2,38.8,86.9,0.447,12.5,36.6,0.34,18.8,25.3,0.742,10.1,35.2,45.3,23.4,14.2,6.5,4.3,4.5,20.1,23.2,108.9,-1.3,2018-19,106.6,108.7,108.3,110.1,-1.7,-1.5,0.603,1.64,17.0,0.273,0.734,0.503,0.142,0.519,0.555,101.4,99.6,83.0,8216,0.492
1610612743,Denver Nuggets,82,54,28,0.659,48.1,41.9,90.0,0.466,11.0,31.4,0.351,15.8,20.9,0.755,11.9,34.5,46.4,27.4,13.4,7.7,4.4,5.0,20.0,20.4,110.7,4.0,2018-19,109.8,112.1,106.8,108.1,3.0,4.0,0.653,2.04,19.3,0.308,0.744,0.524,0.136,0.527,0.558,100.1,98.49,82.08,8096,0.524
1610612765,Detroit Pistons,82,41,41,0.5,48.4,38.8,88.3,0.44,12.1,34.8,0.348,17.3,23.1,0.747,11.4,33.6,45.0,22.5,13.8,6.9,4.0,5.1,22.1,21.3,107.0,-0.2,2018-19,106.1,108.4,106.9,108.7,-0.7,-0.3,0.579,1.63,16.5,0.291,0.745,0.509,0.14,0.509,0.544,99.7,97.88,81.57,8101,0.482
1610612744,Golden State Warriors,82,57,25,0.695,48.3,44.0,89.8,0.491,13.3,34.4,0.385,16.3,20.4,0.801,9.7,36.5,46.2,29.4,14.3,7.6,6.4,3.6,21.4,19.5,117.7,6.5,2018-19,113.9,115.0,106.5,108.6,7.5,6.5,0.668,2.06,20.4,0.257,0.727,0.505,0.139,0.565,0.596,103.2,101.74,84.78,8390,0.546
1610612745,Houston Rockets,82,53,29,0.646,48.4,39.2,87.4,0.449,16.1,45.4,0.356,19.3,24.4,0.791,10.2,31.9,42.1,21.2,13.3,8.5,4.9,4.5,22.0,20.0,113.9,4.8,2018-19,112.5,114.9,107.9,110.1,4.6,4.8,0.541,1.59,15.9,0.269,0.7,0.481,0.135,0.542,0.581,100.4,98.39,81.99,8130,0.498
1610612754,Indiana Pacers,82,48,34,0.585,48.1,41.3,87.0,0.475,9.5,25.4,0.374,15.8,21.1,0.752,9.3,33.7,43.0,26.0,13.7,8.7,4.9,5.2,19.4,20.0,108.0,3.3,2018-19,107.3,109.4,104.2,106.0,3.1,3.4,0.628,1.9,18.9,0.269,0.722,0.499,0.139,0.53,0.561,100.4,98.64,82.2,8097,0.527
1610612746,LA Clippers,82,48,34,0.585,48.4,41.3,87.5,0.471,10.0,25.8,0.388,22.6,28.5,0.792,9.7,35.8,45.5,24.0,14.5,6.8,4.7,6.1,23.3,24.0,115.1,0.9,2018-19,109.7,111.4,109.0,110.4,0.7,1.0,0.582,1.65,17.1,0.263,0.722,0.5,0.141,0.529,0.575,104.1,102.66,85.55,8475,0.505
1610612747,Los Angeles Lakers,82,37,45,0.451,48.2,42.6,90.5,0.47,10.3,31.0,0.333,16.3,23.3,0.699,10.2,36.4,46.6,25.6,15.7,7.5,5.4,5.1,20.7,20.8,111.8,-1.7,2018-19,105.2,107.4,107.3,108.9,-2.1,-1.6,0.6,1.63,17.8,0.27,0.725,0.502,0.15,0.527,0.554,105.5,103.6,86.33,8534,0.495
1610612763,Memphis Grizzlies,82,33,49,0.402,48.5,38.0,84.4,0.45,9.9,28.9,0.342,17.7,23.0,0.772,8.8,33.0,41.8,23.9,14.0,8.3,5.5,4.9,22.0,21.4,103.5,-2.6,2018-19,103.8,105.6,106.2,108.0,-2.4,-2.4,0.631,1.71,17.9,0.247,0.724,0.484,0.143,0.508,0.548,98.8,97.15,80.96,8038,0.49
1610612748,Miami Heat,82,39,43,0.476,48.1,39.6,88.0,0.45,11.3,32.4,0.349,15.1,21.7,0.695,11.2,35.1,46.3,24.3,14.7,7.6,5.5,4.7,20.9,20.1,105.7,-0.2,2018-19,104.6,106.7,105.1,107.1,-0.6,-0.4,0.612,1.65,17.6,0.291,0.731,0.509,0.149,0.515,0.542,100.7,98.73,82.28,8122,0.501
1610612749,Milwaukee Bucks,82,60,22,0.732,48.2,43.4,91.1,0.476,13.5,38.2,0.353,17.9,23.2,0.773,9.3,40.4,49.7,26.0,13.9,7.5,5.9,4.8,19.6,20.2,118.1,8.9,2018-19,111.5,113.5,103.0,104.9,8.5,8.6,0.601,1.88,18.3,0.25,0.757,0.516,0.133,0.55,0.583,105.4,103.57,86.31,8533,0.553
1610612750,Minnesota Timberwolves,82,36,46,0.439,48.4,41.6,91.3,0.456,10.1,28.7,0.351,19.1,24.3,0.787,11.3,33.5,44.8,24.6,13.1,8.3,5.0,5.5,20.3,21.9,112.5,-1.5,2018-19,108.4,110.6,110.2,112.2,-1.9,-1.6,0.591,1.88,17.4,0.292,0.709,0.497,0.129,0.511,0.552,102.8,100.88,84.07,8341,0.498
1610612740,New Orleans Pelicans,82,33,49,0.402,48.2,43.7,92.2,0.473,10.3,29.9,0.344,17.8,23.4,0.761,11.1,36.2,47.3,27.0,14.8,7.4,5.4,5.4,21.1,21.0,115.4,-1.3,2018-19,108.6,110.7,110.4,112.0,-1.8,-1.3,0.619,1.82,18.6,0.285,0.729,0.509,0.142,0.529,0.563,105.6,103.89,86.58,8553,0.498
1610612752,New York Knicks,82,17,65,0.207,48.2,38.2,88.3,0.433,10.0,29.5,0.34,18.1,23.9,0.759,10.5,34.3,44.7,20.1,14.0,6.8,5.1,5.6,20.9,20.8,104.6,-9.2,2018-19,102.1,104.0,110.9,112.9,-8.8,-8.9,0.525,1.43,14.9,0.264,0.717,0.486,0.14,0.49,0.529,102.0,100.16,83.46,8244,0.442
1610612760,Oklahoma City Thunder,82,49,33,0.598,48.4,42.6,94.0,0.454,11.4,32.6,0.348,17.8,25.0,0.713,12.6,35.5,48.1,23.4,14.0,9.3,5.2,5.1,22.4,22.5,114.5,3.4,2018-19,107.6,109.8,104.7,106.5,2.9,3.4,0.548,1.67,16.3,0.298,0.738,0.509,0.134,0.514,0.545,105.3,103.38,86.15,8549,0.506
1610612753,Orlando Magic,82,42,40,0.512,48.2,40.4,89.1,0.454,11.4,32.1,0.356,15.0,19.2,0.782,10.0,35.4,45.4,25.5,13.2,6.6,5.4,4.4,18.6,18.7,107.3,0.7,2018-19,106.5,108.2,105.8,107.6,0.8,0.6,0.632,1.94,18.6,0.259,0.754,0.504,0.133,0.518,0.55,100.3,98.65,82.21,8133,0.508
1610612755,Philadelphia 76ers,82,51,31,0.622,48.3,41.5,88.2,0.471,10.8,30.2,0.359,21.2,27.5,0.771,10.9,36.9,47.8,26.9,14.9,7.4,5.3,4.1,21.3,22.1,115.2,2.7,2018-19,110.4,111.6,107.1,109.0,3.3,2.6,0.648,1.8,18.7,0.278,0.741,0.517,0.144,0.532,0.574,104.0,102.59,85.49,8467,0.529
1610612756,Phoenix Suns,82,19,63,0.232,48.5,40.1,87.4,0.459,9.6,29.3,0.329,17.6,22.7,0.779,9.1,31.3,40.4,23.9,15.6,9.0,5.1,5.0,23.6,20.7,107.5,-9.3,2018-19,103.6,105.3,112.2,114.2,-8.6,-8.9,0.595,1.53,17.3,0.247,0.683,0.464,0.153,0.514,0.552,102.9,101.15,84.3,8371,0.45
1610612757,Portland Trail Blazers,82,53,29,0.646,48.4,42.3,90.6,0.467,11.0,30.7,0.359,19.0,23.3,0.814,11.8,36.2,48.0,23.0,13.8,6.7,5.0,5.1,20.4,20.7,114.7,4.2,2018-19,111.4,113.7,108.1,109.5,3.3,4.2,0.544,1.66,16.6,0.308,0.739,0.526,0.137,0.528,0.568,101.6,99.96,83.3,8269,0.521
1610612758,Sacramento Kings,82,39,43,0.476,48.1,43.2,93.1,0.464,11.3,29.9,0.378,16.5,22.7,0.726,11.0,34.4,45.4,25.4,13.4,8.3,4.4,5.1,21.4,21.4,114.2,-1.1,2018-19,108.3,109.6,108.7,110.8,-0.4,-1.2,0.588,1.9,17.7,0.268,0.713,0.487,0.128,0.524,0.554,105.5,103.88,86.56,8545,0.495
1610612759,San Antonio Spurs,82,48,34,0.585,48.3,42.3,88.4,0.478,9.9,25.3,0.392,17.2,21.0,0.819,9.2,35.5,44.7,24.5,12.1,6.1,4.7,4.0,18.1,19.6,111.7,1.7,2018-19,111.1,112.2,108.3,110.6,2.8,1.6,0.58,2.03,18.1,0.246,0.744,0.501,0.122,0.534,0.572,100.4,98.88,82.4,8162,0.516
1610612761,Toronto Raptors,82,58,24,0.707,48.5,42.2,89.1,0.474,12.4,33.8,0.366,17.7,22.0,0.804,9.6,35.6,45.2,25.4,14.0,8.3,5.3,4.5,21.0,20.5,114.4,6.1,2018-19,110.9,112.6,104.3,106.8,6.5,5.8,0.603,1.81,18.2,0.265,0.726,0.502,0.138,0.543,0.579,102.5,100.51,83.76,8334,0.533
1610612762,Utah Jazz,82,50,32,0.61,48.2,40.4,86.4,0.468,12.1,34.0,0.356,18.8,25.5,0.736,10.0,36.4,46.4,26.0,15.1,8.1,5.9,4.6,21.1,22.4,111.7,5.3,2018-19,108.8,110.3,103.2,105.3,5.5,5.0,0.644,1.72,18.5,0.275,0.759,0.522,0.149,0.538,0.572,102.5,100.84,84.03,8308,0.539
1610612764,Washington Wizards,82,32,50,0.39,48.6,42.1,90.1,0.468,11.3,33.3,0.341,18.4,23.9,0.768,9.7,32.7,42.4,26.3,14.1,8.3,4.6,4.6,20.7,21.2,114.0,-2.9,2018-19,108.6,110.2,111.3,112.9,-2.7,-2.7,0.623,1.87,18.4,0.252,0.706,0.477,0.136,0.531,0.567,103.7,102.23,85.19,8486,0.487
1610612737,Atlanta Hawks,67,20,47,0.299,48.6,40.6,90.6,0.449,12.0,36.1,0.333,18.5,23.4,0.79,9.9,33.4,43.3,24.0,16.2,7.8,5.1,6.4,23.1,21.0,111.8,-8.0,2019-20,104.3,107.0,112.3,114.4,-8.0,-7.4,0.589,1.48,16.9,0.267,0.708,0.484,0.155,0.515,0.554,105.6,103.28,86.06,6999,0.454
1610612738,Boston Celtics,72,48,24,0.667,48.4,41.3,89.6,0.461,12.6,34.5,0.364,18.6,23.2,0.801,10.7,35.4,46.1,23.0,13.8,8.3,5.6,5.5,21.6,20.7,113.7,6.3,2019-20,110.4,112.8,104.5,106.5,6.0,6.3,0.557,1.66,16.7,0.283,0.731,0.509,0.137,0.531,0.57,101.9,99.92,83.27,7255,0.531
1610612751,Brooklyn Nets,72,35,37,0.486,48.6,40.4,90.3,0.448,13.1,38.1,0.343,17.9,24.1,0.745,10.6,37.3,47.9,24.5,15.3,6.4,4.5,5.3,21.0,21.1,111.8,-0.6,2019-20,106.0,108.7,107.1,109.2,-1.1,-0.5,0.606,1.6,17.3,0.28,0.736,0.511,0.148,0.52,0.554,104.0,101.7,84.75,7404,0.5
1610612766,Charlotte Hornets,65,23,42,0.354,48.5,37.3,85.9,0.434,12.1,34.3,0.352,16.2,21.6,0.748,11.0,31.8,42.8,23.8,14.6,6.6,4.1,5.0,18.8,20.6,102.9,-6.8,2019-20,103.9,105.9,110.6,112.8,-6.8,-7.0,0.639,1.63,17.7,0.28,0.706,0.486,0.15,0.504,0.539,98.1,96.24,80.2,6317,0.455
1610612741,Chicago Bulls,65,22,43,0.338,48.2,39.6,88.6,0.447,12.2,35.1,0.348,15.5,20.5,0.755,10.5,31.4,41.9,23.2,15.5,10.0,4.1,5.9,21.8,19.2,106.8,-3.1,2019-20,104.1,105.8,107.7,108.9,-3.6,-3.1,0.587,1.5,16.9,0.267,0.719,0.481,0.153,0.515,0.547,101.9,100.46,83.71,6563,0.466
1610612739,Cleveland Cavaliers,65,19,46,0.292,48.4,40.3,87.9,0.458,11.2,31.8,0.351,15.1,19.9,0.758,10.8,33.4,44.2,23.1,16.5,6.9,3.2,6.3,18.3,19.6,106.9,-7.9,2019-20,104.4,106.9,113.6,114.8,-9.2,-7.9,0.573,1.4,16.8,0.296,0.738,0.512,0.165,0.522,0.553,100.9,99.17,82.65,6497,0.453
1610612742,Dallas Mavericks,75,43,32,0.573,48.5,41.7,90.3,0.461,15.1,41.3,0.367,18.6,23.8,0.779,10.5,36.4,46.9,24.7,12.7,6.1,4.8,4.1,19.5,21.3,117.0,4.9,2019-20,113.7,115.9,109.5,111.2,4.2,4.8,0.592,1.94,17.7,0.275,0.74,0.509,0.126,0.545,0.581,101.7,99.89,83.24,7569,0.521
1610612743,Denver Nuggets,73,46,27,0.63,48.6,42.0,88.9,0.473,11.0,30.6,0.359,16.2,20.9,0.777,10.8,33.4,44.1,26.7,13.8,8.0,4.6,4.4,20.3,20.5,111.3,2.1,2019-20,110.1,112.6,108.6,110.4,1.5,2.2,0.636,1.94,19.1,0.294,0.725,0.509,0.139,0.535,0.567,99.5,97.64,81.37,7217,0.517
1610612765,Detroit Pistons,66,20,46,0.303,48.4,39.3,85.7,0.459,12.0,32.7,0.367,16.6,22.4,0.743,9.8,32.0,41.7,24.1,15.3,7.4,4.5,5.6,19.7,19.8,107.2,-3.6,2019-20,106.1,108.8,110.4,112.3,-4.3,-3.5,0.612,1.58,17.7,0.277,0.717,0.493,0.155,0.529,0.561,99.9,97.86,81.55,6507,0.473
1610612744,Golden State Warriors,65,15,50,0.231,48.4,38.6,88.2,0.438,10.4,31.3,0.334,18.7,23.2,0.803,10.0,32.9,42.8,25.6,14.9,8.2,4.6,4.9,20.1,20.1,106.3,-8.7,2019-20,102.9,104.4,110.9,113.0,-8.0,-8.6,0.663,1.72,18.2,0.255,0.722,0.481,0.146,0.497,0.54,102.7,101.04,84.2,6623,0.462
1610612745,Houston Rockets,72,44,28,0.611,48.3,40.8,90.4,0.451,15.6,45.3,0.345,20.6,26.1,0.791,9.8,34.5,44.3,21.6,14.7,8.7,5.2,4.9,21.8,21.0,117.8,3.0,2019-20,110.3,112.5,107.4,109.8,2.9,2.7,0.53,1.47,15.5,0.249,0.713,0.48,0.14,0.537,0.578,106.3,104.04,86.7,7539,0.494
1610612754,Indiana Pacers,73,45,28,0.616,48.3,42.1,88.5,0.476,10.2,28.0,0.363,15.0,19.1,0.787,8.7,34.1,42.8,25.9,13.2,7.4,5.2,4.6,19.8,18.8,109.4,2.0,2019-20,107.9,109.5,105.1,107.5,2.9,1.9,0.614,1.95,18.9,0.243,0.718,0.487,0.132,0.534,0.565,101.3,99.41,82.84,7299,0.52
1610612746,LA Clippers,72,49,23,0.681,48.3,41.6,89.2,0.466,12.4,33.5,0.371,20.8,26.3,0.791,10.7,37.0,47.7,23.7,14.6,7.1,4.7,4.7,22.1,22.9,116.3,6.4,2019-20,111.1,113.3,105.3,106.9,5.7,6.3,0.571,1.63,16.9,0.278,0.737,0.515,0.142,0.535,0.577,103.9,102.16,85.13,7396,0.532
1610612747,Los Angeles Lakers,71,52,19,0.732,48.1,42.3,88.3,0.48,11.0,31.6,0.349,17.7,24.3,0.729,10.7,35.1,45.7,25.4,15.2,8.6,6.6,3.7,20.7,21.7,113.4,5.8,2019-20,109.6,111.7,103.8,106.1,5.8,5.6,0.6,1.67,18.0,0.283,0.737,0.512,0.149,0.542,0.573,103.3,101.2,84.33,7211,0.539
1610612763,Memphis Grizzlies,73,34,39,0.466,48.1,42.5,90.9,0.468,10.9,31.5,0.347,16.6,21.8,0.763,10.3,36.2,46.5,26.9,15.2,7.9,5.5,5.3,21.2,20.2,112.6,-1.1,2019-20,106.9,108.7,107.5,109.7,-0.6,-1.0,0.633,1.77,18.7,0.271,0.733,0.506,0.147,0.528,0.561,105.3,103.31,86.1,7562,0.507
1610612748,Miami Heat,73,44,29,0.603,48.6,39.5,84.4,0.468,13.4,35.4,0.379,19.7,25.2,0.783,8.5,35.9,44.4,25.9,14.9,7.5,4.5,4.1,20.6,21.7,112.0,2.9,2019-20,110.0,111.9,107.2,109.3,2.8,2.7,0.657,1.74,18.8,0.257,0.753,0.512,0.149,0.547,0.587,100.5,98.7,82.25,7306,0.525
1610612749,Milwaukee Bucks,73,56,17,0.767,48.2,43.3,90.9,0.476,13.8,38.9,0.355,18.3,24.7,0.742,9.5,42.2,51.7,25.9,15.1,7.2,5.9,4.5,19.6,21.7,118.7,10.1,2019-20,110.5,111.9,100.6,102.5,9.9,9.4,0.598,1.71,18.0,0.241,0.775,0.524,0.142,0.552,0.583,107.2,105.51,87.93,7739,0.562
1610612750,Minnesota Timberwolves,64,19,45,0.297,48.6,40.4,91.6,0.441,13.3,39.7,0.336,19.1,25.4,0.753,10.5,34.3,44.8,23.8,15.3,8.7,5.7,5.5,21.4,21.6,113.3,-4.3,2019-20,105.3,107.6,110.0,111.6,-4.7,-4.0,0.59,1.55,16.7,0.264,0.731,0.488,0.146,0.514,0.551,105.9,103.94,86.62,6736,0.472
1610612740,New Orleans Pelicans,72,30,42,0.417,48.4,42.6,91.6,0.465,13.6,36.9,0.37,17.1,23.4,0.729,11.1,35.4,46.5,26.8,16.4,7.5,5.0,4.8,21.2,21.1,115.8,-1.3,2019-20,108.0,110.5,109.4,111.8,-1.4,-1.3,0.63,1.64,18.4,0.287,0.729,0.508,0.156,0.539,0.568,106.3,103.89,86.57,7548,0.495
1610612752,New York Knicks,66,21,45,0.318,48.4,40.0,89.3,0.447,9.6,28.4,0.337,16.3,23.5,0.694,12.0,34.5,46.5,22.1,14.3,7.6,4.7,5.0,22.2,19.8,105.8,-6.5,2019-20,103.8,105.9,110.6,112.4,-6.8,-6.5,0.552,1.54,16.0,0.3,0.742,0.513,0.143,0.501,0.531,100.9,99.11,82.59,6594,0.461
1610612760,Oklahoma City Thunder,72,44,28,0.611,48.4,40.0,85.5,0.468,10.7,30.2,0.355,19.8,24.8,0.796,8.2,34.7,42.9,21.7,13.7,7.6,4.9,4.0,19.3,22.8,110.4,2.0,2019-20,108.4,110.1,106.3,108.1,2.1,2.1,0.543,1.58,16.3,0.241,0.728,0.492,0.137,0.53,0.573,101.1,99.42,82.85,7218,0.519
1610612753,Orlando Magic,73,33,40,0.452,48.1,39.3,88.6,0.444,11.1,32.2,0.343,17.6,22.7,0.774,10.3,34.2,44.5,23.9,12.8,8.2,5.4,4.6,18.3,19.5,107.3,-1.0,2019-20,106.1,107.9,107.1,109.2,-1.0,-1.3,0.608,1.86,17.5,0.267,0.749,0.5,0.129,0.506,0.544,100.9,98.99,82.49,7255,0.496
1610612755,Philadelphia 76ers,73,43,30,0.589,48.2,41.1,87.9,0.468,11.6,31.6,0.368,16.9,22.4,0.755,10.5,35.0,45.4,25.8,14.2,8.0,5.3,4.0,20.9,20.5,110.7,2.4,2019-20,109.1,110.7,106.3,108.4,2.8,2.3,0.628,1.82,18.5,0.281,0.753,0.516,0.142,0.534,0.566,101.3,99.59,82.99,7304,0.523
1610612756,Phoenix Suns,73,34,39,0.466,48.2,41.2,88.1,0.468,11.4,31.8,0.358,19.9,23.8,0.834,9.8,33.8,43.5,27.2,14.8,7.7,4.0,5.5,22.0,22.6,113.6,0.2,2019-20,109.7,111.3,108.4,110.8,1.4,0.5,0.661,1.84,19.2,0.261,0.734,0.498,0.145,0.532,0.576,103.7,101.74,84.79,7449,0.512
1610612757,Portland Trail Blazers,74,35,39,0.473,48.2,42.2,91.2,0.463,12.9,34.1,0.377,17.7,22.1,0.804,10.2,35.1,45.3,20.6,12.8,6.3,6.1,4.9,21.7,20.1,115.0,-1.1,2019-20,111.1,113.2,111.8,114.3,-0.7,-1.1,0.488,1.61,15.2,0.266,0.712,0.492,0.126,0.533,0.57,103.2,101.17,84.31,7519,0.486
1610612758,Sacramento Kings,72,31,41,0.431,48.5,40.9,88.4,0.462,12.7,34.9,0.364,15.7,20.3,0.77,9.7,32.9,42.6,23.8,14.5,7.7,4.1,4.2,22.2,19.5,110.1,-2.0,2019-20,107.8,109.5,109.6,111.4,-1.8,-1.9,0.582,1.64,17.4,0.258,0.736,0.492,0.144,0.534,0.566,101.2,99.6,83.0,7239,0.479
1610612759,San Antonio Spurs,71,32,39,0.451,48.5,42.2,89.4,0.472,10.7,28.5,0.376,19.0,23.4,0.81,9.0,35.6,44.6,24.7,12.6,7.3,5.5,4.3,19.4,20.1,114.1,-1.1,2019-20,110.4,111.7,110.9,112.6,-0.5,-0.9,0.585,1.96,17.9,0.233,0.751,0.495,0.123,0.531,0.572,102.6,101.14,84.29,7249,0.502
1610612761,Toronto Raptors,72,53,19,0.736,48.3,40.2,87.9,0.458,13.8,37.0,0.374,18.5,23.2,0.796,9.5,35.9,45.4,25.2,14.8,8.8,5.0,5.5,21.7,20.4,112.8,6.2,2019-20,109.0,110.8,102.0,104.7,7.0,6.1,0.627,1.7,18.1,0.256,0.721,0.496,0.146,0.536,0.574,103.3,101.19,84.32,7328,0.53
1610612762,Utah Jazz,72,44,28,0.611,48.2,40.1,85.1,0.471,13.4,35.2,0.38,17.8,22.8,0.779,9.1,35.8,44.9,22.4,15.1,6.1,4.1,4.6,20.4,20.8,111.3,2.5,2019-20,110.0,111.8,107.4,109.3,2.6,2.5,0.56,1.48,16.8,0.261,0.746,0.512,0.152,0.549,0.585,100.8,99.15,82.62,7169,0.513
1610612764,Washington Wizards,72,25,47,0.347,48.2,41.5,90.9,0.457,12.0,32.6,0.368,19.4,24.6,0.788,10.2,31.9,42.0,25.0,14.2,8.0,4.3,5.0,22.7,22.2,114.4,-4.7,2019-20,108.2,110.2,112.7,114.7,-4.5,-4.5,0.602,1.77,17.6,0.262,0.712,0.478,0.136,0.523,0.562,105.2,103.38,86.15,7475,0.473
1610612737,Atlanta Hawks,72,41,31,0.569,48.3,40.8,87.2,0.468,12.4,33.4,0.373,19.7,24.2,0.812,10.6,35.1,45.6,24.1,13.2,7.0,4.8,5.0,19.3,19.8,113.7,2.3,2020-21,113.0,114.3,110.6,112.1,2.5,2.2,0.591,1.82,17.6,0.284,0.742,0.516,0.133,0.539,0.581,99.9,98.68,82.23,7160,0.511
1610612738,Boston Celtics,72,36,36,0.5,48.3,41.5,88.9,0.466,13.6,36.4,0.374,16.1,20.8,0.775,10.6,33.6,44.3,23.5,14.1,7.7,5.3,4.6,20.4,19.3,112.6,1.5,2020-21,111.0,113.1,110.0,111.8,0.9,1.2,0.566,1.67,17.1,0.289,0.737,0.51,0.141,0.543,0.574,100.7,98.94,82.45,7172,0.501
1610612751,Brooklyn Nets,72,48,24,0.667,48.3,43.1,87.3,0.494,14.2,36.1,0.392,18.1,22.5,0.804,8.9,35.5,44.4,26.8,13.5,6.7,5.3,4.6,19.0,18.9,118.6,4.5,2020-21,116.3,117.3,110.6,113.1,5.7,4.2,0.621,1.98,19.3,0.252,0.726,0.503,0.134,0.575,0.61,101.8,100.27,83.56,7280,0.532
1610612766,Charlotte Hornets,72,33,39,0.458,48.2,39.9,87.8,0.455,13.7,37.0,0.369,15.9,20.9,0.761,10.6,33.2,43.8,26.8,14.8,7.8,4.8,4.8,18.0,18.6,109.5,-1.9,2020-21,108.1,110.1,110.6,112.0,-2.5,-1.9,0.672,1.81,19.2,0.276,0.722,0.496,0.149,0.532,0.564,100.6,99.0,82.5,7159,0.489
1610612741,Chicago Bulls,72,31,41,0.431,48.3,42.2,88.6,0.476,12.6,34.0,0.37,13.8,17.5,0.791,9.6,35.3,45.0,26.8,15.1,6.7,4.2,5.1,18.9,17.7,110.7,-0.9,2020-21,108.7,110.4,109.9,111.5,-1.2,-1.1,0.635,1.77,19.2,0.267,0.767,0.519,0.151,0.547,0.575,101.1,99.58,82.99,7220,0.499
1610612739,Cleveland Cavaliers,72,22,50,0.306,48.4,38.6,85.8,0.45,10.0,29.7,0.336,16.7,22.4,0.743,10.4,32.3,42.8,23.8,15.5,7.8,4.5,5.9,18.2,20.2,103.8,-8.4,2020-21,103.1,105.2,112.1,113.5,-8.9,-8.3,0.618,1.54,17.5,0.28,0.729,0.499,0.157,0.508,0.543,99.6,97.96,81.64,7107,0.46
1610612742,Dallas Mavericks,72,42,30,0.583,48.1,41.1,87.3,0.47,13.8,38.1,0.362,16.5,21.2,0.778,9.1,34.2,43.3,22.9,12.1,6.3,4.3,3.7,19.4,20.1,112.4,2.3,2020-21,112.9,114.6,110.4,112.3,2.5,2.3,0.557,1.9,17.2,0.253,0.734,0.496,0.123,0.55,0.582,99.5,97.94,81.62,7062,0.51
1610612743,Denver Nuggets,72,47,25,0.653,48.6,43.3,89.2,0.485,12.9,34.2,0.377,15.7,19.5,0.803,10.5,33.9,44.4,26.8,13.5,8.1,4.5,4.5,19.1,19.2,115.1,4.9,2020-21,114.2,116.3,110.0,111.5,4.2,4.8,0.621,1.99,19.3,0.292,0.751,0.522,0.136,0.557,0.588,99.3,97.74,81.45,7123,0.525
1610612765,Detroit Pistons,72,20,52,0.278,48.4,38.7,85.6,0.452,11.6,32.9,0.351,17.8,23.4,0.759,9.6,33.1,42.7,24.2,14.9,7.4,5.2,5.8,20.5,20.4,106.6,-4.5,2020-21,105.4,107.6,110.3,112.2,-4.9,-4.5,0.626,1.62,17.8,0.267,0.725,0.493,0.151,0.519,0.556,100.1,98.19,81.82,7132,0.473
1610612744,Golden State Warriors,72,39,33,0.542,48.1,41.3,88.2,0.468,14.6,38.7,0.376,16.6,21.1,0.785,8.0,35.1,43.0,27.7,15.0,8.2,4.8,4.3,21.2,19.5,113.7,1.1,2020-21,108.8,110.5,107.7,109.4,1.1,1.1,0.67,1.84,19.6,0.222,0.727,0.48,0.146,0.551,0.583,104.4,102.81,85.67,7412,0.51
1610612745,Houston Rockets,72,17,55,0.236,48.1,39.3,88.5,0.444,13.8,40.6,0.339,16.5,22.3,0.74,9.3,33.3,42.6,23.6,14.7,7.6,5.0,5.3,19.5,19.3,108.8,-7.9,2020-21,104.9,107.0,112.4,114.4,-7.5,-7.4,0.601,1.6,17.2,0.24,0.723,0.474,0.145,0.521,0.553,103.6,101.69,84.74,7320,0.451
1610612754,Indiana Pacers,72,34,38,0.472,48.5,43.3,91.2,0.474,12.3,34.0,0.364,16.4,20.7,0.792,9.0,33.7,42.7,27.4,13.5,8.5,6.4,5.3,20.2,18.1,115.3,0.0,2020-21,109.9,111.9,109.6,111.9,0.3,0.1,0.633,2.02,19.2,0.247,0.701,0.476,0.131,0.542,0.575,104.0,102.05,85.04,7419,0.502
1610612746,LA Clippers,72,47,25,0.653,48.0,41.8,86.7,0.482,14.3,34.7,0.411,16.2,19.3,0.839,9.4,34.7,44.2,24.4,13.2,7.1,4.1,4.2,19.2,18.1,114.0,6.2,2020-21,115.2,116.7,108.7,110.6,6.6,6.1,0.584,1.85,18.1,0.27,0.754,0.518,0.135,0.564,0.599,99.1,97.63,81.35,7036,0.53
1610612747,Los Angeles Lakers,72,42,30,0.583,48.5,40.6,86.1,0.472,11.1,31.2,0.354,17.2,23.3,0.739,9.7,34.6,44.2,24.7,15.2,7.8,5.4,4.5,19.1,21.3,109.5,2.8,2020-21,107.5,109.8,104.8,106.8,2.7,2.9,0.607,1.62,18.0,0.269,0.748,0.511,0.152,0.536,0.569,100.8,98.85,82.37,7184,0.517
1610612763,Memphis Grizzlies,72,38,34,0.528,48.3,42.8,91.8,0.467,11.2,31.4,0.356,16.4,21.3,0.771,11.2,35.3,46.5,26.9,13.3,9.1,5.1,5.2,18.7,18.3,113.3,1.0,2020-21,109.7,111.7,108.5,110.5,1.2,1.2,0.628,2.03,18.9,0.285,0.736,0.507,0.131,0.528,0.56,102.6,100.77,83.98,7302,0.511
1610612748,Miami Heat,72,40,32,0.556,48.3,39.2,83.7,0.468,12.9,36.2,0.358,16.7,21.1,0.79,8.0,33.5,41.5,26.3,14.1,7.9,4.0,4.0,18.9,19.6,108.1,0.0,2020-21,109.1,110.6,108.5,110.7,0.6,-0.1,0.671,1.87,19.5,0.24,0.733,0.491,0.144,0.546,0.581,98.7,97.09,80.91,7036,0.509
1610612749,Milwaukee Bucks,72,46,26,0.639,48.1,44.7,91.8,0.487,14.4,37.1,0.389,16.2,21.4,0.76,10.3,37.8,48.1,25.5,13.8,8.1,4.6,4.8,17.3,18.3,120.1,5.9,2020-21,114.7,116.5,109.1,110.7,5.5,5.8,0.569,1.84,18.0,0.269,0.755,0.519,0.134,0.566,0.593,104.4,102.85,85.71,7423,0.533
1610612750,Minnesota Timberwolves,72,23,49,0.319,48.3,40.7,90.9,0.448,13.1,37.6,0.349,17.6,23.1,0.761,10.5,33.0,43.5,25.6,14.3,8.8,5.5,5.5,20.9,19.9,112.1,-5.6,2020-21,107.0,109.3,112.1,114.5,-5.2,-5.3,0.63,1.8,18.0,0.271,0.717,0.484,0.139,0.52,0.555,104.1,101.96,84.96,7389,0.469
1610612740,New Orleans Pelicans,72,31,41,0.431,48.4,42.5,89.1,0.477,10.6,30.4,0.348,19.0,26.1,0.729,11.7,35.7,47.4,26.0,14.6,7.6,4.4,5.9,18.0,21.3,114.6,-0.3,2020-21,110.8,113.0,111.6,113.3,-0.7,-0.3,0.612,1.78,18.3,0.302,0.755,0.527,0.144,0.537,0.57,102.3,100.54,83.79,7303,0.508
1610612752,New York Knicks,72,41,31,0.569,48.4,39.4,86.5,0.456,11.8,30.0,0.392,16.4,20.9,0.784,9.7,35.5,45.1,21.4,12.9,7.0,5.1,5.4,20.5,17.9,107.0,2.3,2020-21,108.2,110.2,105.7,107.8,2.5,2.4,0.543,1.65,16.3,0.264,0.738,0.505,0.133,0.524,0.559,98.2,96.32,80.27,6994,0.502
1610612760,Oklahoma City Thunder,72,22,50,0.306,48.2,38.8,88.0,0.441,11.9,35.1,0.339,15.5,21.3,0.725,9.9,35.7,45.6,22.1,16.1,7.0,4.4,5.3,18.1,18.6,105.0,-10.6,2020-21,101.3,102.8,111.9,113.4,-10.5,-10.6,0.568,1.37,16.1,0.254,0.742,0.494,0.158,0.509,0.539,103.1,101.61,84.67,7353,0.442
1610612753,Orlando Magic,72,21,51,0.292,48.1,38.3,89.2,0.429,10.9,31.8,0.343,16.6,21.4,0.775,10.4,35.1,45.4,21.8,12.8,6.9,4.4,5.3,17.2,18.6,104.0,-9.3,2020-21,102.9,104.6,112.1,113.9,-9.2,-9.3,0.57,1.7,16.3,0.252,0.744,0.488,0.129,0.49,0.527,100.8,99.17,82.64,7158,0.45
1610612755,Philadelphia 76ers,72,49,23,0.681,48.4,41.4,86.9,0.476,11.3,30.1,0.374,19.6,25.5,0.767,10.0,35.0,45.1,23.7,14.4,9.1,6.2,4.7,20.2,21.0,113.6,5.6,2020-21,110.8,112.5,105.1,107.0,5.7,5.5,0.572,1.64,17.2,0.277,0.737,0.511,0.143,0.541,0.579,101.8,100.12,83.43,7272,0.536
1610612756,Phoenix Suns,72,51,21,0.708,48.6,43.3,88.3,0.49,13.1,34.6,0.378,15.6,18.7,0.834,8.8,34.2,42.9,26.9,12.5,7.2,4.3,3.6,19.1,18.0,115.3,5.8,2020-21,114.9,116.3,108.8,110.4,6.1,5.9,0.622,2.15,19.6,0.248,0.741,0.5,0.126,0.564,0.597,99.3,98.0,81.67,7137,0.534
1610612757,Portland Trail Blazers,72,42,30,0.583,48.1,41.3,91.1,0.453,15.7,40.8,0.385,17.8,21.6,0.823,10.6,33.9,44.5,21.3,11.1,6.9,5.0,4.6,18.9,19.1,116.1,1.8,2020-21,114.9,117.1,113.4,115.3,1.5,1.8,0.515,1.92,15.9,0.273,0.731,0.495,0.112,0.54,0.577,100.8,98.97,82.48,7137,0.493
1610612758,Sacramento Kings,72,31,41,0.431,48.1,42.6,88.6,0.481,12.1,33.3,0.364,16.4,22.0,0.745,9.4,32.0,41.4,25.5,13.4,7.5,5.0,4.7,19.4,18.7,113.7,-3.7,2020-21,111.1,112.7,114.6,116.5,-3.5,-3.8,0.599,1.91,18.4,0.253,0.713,0.482,0.133,0.549,0.578,102.2,100.71,83.92,7266,0.481
1610612759,San Antonio Spurs,72,33,39,0.458,48.6,41.9,90.5,0.462,9.9,28.4,0.35,17.4,22.0,0.792,9.3,34.6,43.9,24.4,11.4,7.0,5.1,5.1,18.0,18.6,111.1,-1.7,2020-21,108.6,110.5,110.7,112.0,-2.1,-1.5,0.584,2.14,17.9,0.243,0.733,0.485,0.113,0.517,0.554,101.0,99.45,82.87,7236,0.493
1610612761,Toronto Raptors,72,27,45,0.375,48.1,39.7,88.7,0.448,14.5,39.3,0.368,17.4,21.3,0.815,9.4,32.1,41.6,24.1,13.2,8.6,5.4,5.6,21.2,19.5,111.3,-0.5,2020-21,109.3,111.6,109.8,112.0,-0.5,-0.4,0.607,1.82,17.7,0.256,0.716,0.479,0.133,0.529,0.567,101.6,99.57,82.98,7177,0.486
1610612762,Utah Jazz,72,52,20,0.722,48.2,41.3,88.1,0.468,16.7,43.0,0.389,17.2,21.5,0.799,10.6,37.6,48.3,23.7,14.2,6.6,5.2,3.9,18.5,19.0,116.4,9.3,2020-21,115.1,116.5,105.7,107.5,9.4,9.0,0.573,1.66,17.3,0.284,0.757,0.529,0.142,0.563,0.597,100.8,99.37,82.81,7193,0.542
1610612764,Washington Wizards,72,34,38,0.472,48.3,43.2,90.9,0.475,10.2,29.0,0.351,20.1,26.2,0.769,9.7,35.5,45.2,25.5,14.4,7.3,4.1,4.8,21.6,22.0,116.6,-1.8,2020-21,108.9,110.7,110.5,112.3,-1.7,-1.6,0.59,1.77,17.8,0.25,0.736,0.494,0.137,0.531,0.569,106.4,104.67,87.22,7585,0.496
1610612737,Atlanta Hawks,82,43,39,0.524,48.1,41.5,88.3,0.47,12.9,34.4,0.374,18.1,22.3,0.812,10.0,33.9,44.0,24.6,11.9,7.2,4.2,4.5,18.7,20.3,113.9,1.6,2021-22,114.0,115.4,112.1,113.7,1.9,1.6,0.593,2.08,18.1,0.269,0.731,0.501,0.12,0.543,0.581,100.0,98.67,82.22,8099,0.509
1610612738,Boston Celtics,82,51,31,0.622,48.5,40.7,87.4,0.466,13.2,37.1,0.356,17.0,20.9,0.816,10.5,35.5,46.1,24.8,13.6,7.2,5.8,4.6,18.5,19.4,111.8,7.3,2021-22,112.1,113.6,104.0,106.2,8.1,7.4,0.609,1.82,18.2,0.277,0.725,0.509,0.139,0.542,0.578,99.0,97.26,81.05,8068,0.547
1610612751,Brooklyn Nets,82,44,38,0.537,48.2,42.0,88.4,0.475,11.5,31.7,0.361,17.5,21.7,0.805,10.3,34.1,44.4,25.3,14.1,7.1,5.5,4.9,20.4,19.7,112.9,0.8,2021-22,111.0,113.2,109.6,112.3,1.3,0.9,0.602,1.8,18.3,0.281,0.704,0.499,0.141,0.54,0.576,101.6,99.4,82.83,8177,0.512
1610612766,Charlotte Hornets,82,43,39,0.524,48.5,42.8,91.4,0.468,13.9,38.2,0.365,15.8,21.4,0.74,10.8,33.7,44.6,28.1,13.3,8.6,4.9,4.6,19.9,19.6,115.3,0.4,2021-22,111.7,113.6,111.0,113.1,0.7,0.5,0.656,2.12,19.6,0.27,0.706,0.486,0.131,0.544,0.572,102.3,100.52,83.76,8322,0.504
1610612741,Chicago Bulls,82,46,36,0.561,48.1,41.7,86.9,0.48,10.6,28.8,0.369,17.5,21.5,0.813,8.7,33.7,42.3,23.9,12.8,7.1,4.1,5.0,18.8,18.2,111.6,-0.4,2021-22,111.0,112.7,111.1,113.2,-0.1,-0.5,0.572,1.86,17.8,0.249,0.735,0.495,0.13,0.541,0.579,100.4,98.76,82.3,8124,0.496
1610612739,Cleveland Cavaliers,82,44,38,0.537,48.1,39.7,84.6,0.469,11.6,32.8,0.355,16.8,22.1,0.76,10.2,34.0,44.2,25.2,14.4,7.1,4.2,4.6,17.5,20.0,107.8,2.1,2021-22,109.4,111.0,107.0,108.9,2.4,2.1,0.634,1.75,18.7,0.277,0.724,0.506,0.148,0.538,0.571,98.4,96.83,80.69,7964,0.517
1610612742,Dallas Mavericks,82,52,30,0.634,48.2,39.3,85.1,0.461,13.1,37.4,0.35,16.4,21.2,0.771,9.3,33.8,43.0,23.4,12.5,6.7,4.0,3.7,19.7,20.1,108.0,3.3,2021-22,110.5,112.5,106.8,109.1,3.7,3.5,0.595,1.87,17.8,0.256,0.733,0.496,0.13,0.538,0.572,97.5,95.64,79.7,7871,0.511
1610612743,Denver Nuggets,82,48,34,0.585,48.3,41.7,86.3,0.483,12.7,35.9,0.353,16.7,21.0,0.795,9.2,34.9,44.1,27.8,14.5,7.2,3.7,4.8,20.0,19.9,112.7,2.3,2021-22,111.7,113.8,110.3,111.5,1.4,2.3,0.667,1.92,20.0,0.268,0.752,0.515,0.146,0.556,0.59,99.9,98.41,82.01,8123,0.516
1610612765,Detroit Pistons,82,23,59,0.28,48.2,38.2,88.6,0.431,11.3,34.6,0.326,17.2,22.0,0.782,11.0,32.0,43.0,23.5,14.2,7.7,4.8,5.2,21.9,19.8,104.8,-7.7,2021-22,103.3,105.6,111.1,113.3,-7.9,-7.7,0.615,1.65,17.1,0.276,0.707,0.481,0.143,0.494,0.533,100.9,98.81,82.34,8141,0.45
1610612744,Golden State Warriors,82,53,29,0.646,48.1,40.5,86.4,0.469,14.3,39.4,0.364,15.6,20.3,0.769,9.8,35.7,45.5,27.1,14.9,8.8,4.5,3.9,21.0,18.0,111.0,5.5,2021-22,110.5,112.1,103.9,106.6,6.5,5.5,0.669,1.82,19.5,0.269,0.736,0.51,0.15,0.552,0.582,100.7,98.74,82.28,8121,0.536
1610612745,Houston Rockets,82,20,62,0.244,48.2,39.4,86.4,0.456,13.5,38.7,0.349,17.5,24.5,0.713,9.6,32.4,42.0,23.6,16.5,7.3,4.7,5.8,20.6,22.1,109.7,-8.5,2021-22,105.4,108.1,114.4,116.4,-9.0,-8.3,0.598,1.43,17.1,0.265,0.71,0.485,0.162,0.534,0.565,103.3,101.16,84.3,8323,0.451
1610612754,Indiana Pacers,82,25,57,0.305,48.5,41.4,89.5,0.463,12.2,35.4,0.344,16.4,21.4,0.768,11.3,32.6,43.9,25.4,14.4,7.1,5.6,4.9,20.4,19.2,111.5,-3.5,2021-22,109.2,111.9,113.9,115.5,-4.6,-3.6,0.612,1.76,18.1,0.31,0.725,0.512,0.145,0.531,0.564,100.5,98.55,82.13,8166,0.478
1610612746,LA Clippers,82,42,40,0.512,48.2,40.1,87.4,0.458,12.8,34.2,0.374,15.5,19.6,0.793,9.1,34.9,44.0,24.0,13.7,7.4,5.0,4.1,18.6,18.5,108.4,0.0,2021-22,107.7,109.5,107.5,109.5,0.2,0.0,0.599,1.75,17.7,0.254,0.706,0.486,0.139,0.531,0.564,100.2,98.51,82.09,8121,0.502
1610612747,Los Angeles Lakers,82,33,49,0.402,48.7,41.6,88.8,0.469,12.0,34.5,0.347,16.8,23.0,0.732,9.5,34.5,44.0,24.0,14.5,7.6,5.2,4.1,20.2,20.1,112.1,-3.0,2021-22,107.9,110.0,110.9,112.8,-3.0,-2.9,0.576,1.65,17.3,0.256,0.72,0.49,0.142,0.537,0.567,102.3,100.47,83.73,8360,0.482
1610612763,Memphis Grizzlies,82,56,26,0.683,48.2,43.5,94.4,0.461,11.5,32.7,0.353,17.0,23.1,0.734,14.1,35.0,49.2,26.0,13.2,9.8,6.5,6.0,19.8,19.8,115.6,5.7,2021-22,111.6,114.3,106.2,108.9,5.4,5.3,0.597,1.97,17.9,0.338,0.726,0.526,0.13,0.522,0.553,103.1,100.52,83.77,8295,0.53
1610612748,Miami Heat,82,53,29,0.646,48.4,39.6,84.8,0.467,13.6,35.8,0.379,17.3,21.4,0.808,9.8,33.9,43.7,25.5,14.6,7.4,3.2,4.0,20.5,20.6,110.0,4.5,2021-22,111.2,113.0,106.3,108.4,4.9,4.5,0.644,1.75,18.8,0.278,0.735,0.51,0.149,0.547,0.584,98.2,96.53,80.44,7987,0.529
1610612749,Milwaukee Bucks,82,51,31,0.622,48.2,41.8,89.4,0.468,14.1,38.4,0.366,17.8,22.9,0.776,10.2,36.5,46.7,23.9,13.4,7.6,4.0,4.4,18.2,19.7,115.5,3.4,2021-22,112.5,114.3,109.4,111.1,3.1,3.2,0.572,1.78,17.3,0.269,0.747,0.512,0.133,0.546,0.58,102.2,100.59,83.83,8284,0.516
1610612750,Minnesota Timberwolves,82,46,36,0.561,48.2,41.6,91.0,0.457,14.8,41.3,0.358,18.0,23.1,0.778,11.2,32.9,44.2,25.7,14.3,8.8,5.6,4.8,21.8,20.9,115.9,2.6,2021-22,111.3,113.8,109.1,111.0,2.1,2.7,0.617,1.79,18.1,0.284,0.706,0.49,0.141,0.539,0.573,103.5,101.47,84.56,8357,0.504
1610612740,New Orleans Pelicans,82,36,46,0.439,48.2,40.2,88.0,0.457,10.6,32.1,0.332,18.3,23.2,0.789,12.0,33.2,45.2,25.0,14.1,8.3,4.0,4.8,19.7,20.5,109.3,-1.0,2021-22,109.0,111.2,110.5,112.0,-1.5,-0.8,0.621,1.78,18.1,0.306,0.742,0.518,0.143,0.517,0.557,99.7,98.02,81.69,8060,0.5
1610612752,New York Knicks,82,37,45,0.451,48.2,37.7,86.2,0.437,13.2,36.9,0.357,18.0,24.1,0.744,11.5,34.6,46.1,21.9,13.3,7.0,4.9,4.6,20.4,20.4,106.5,-0.1,2021-22,108.0,109.7,107.6,110.2,0.4,-0.4,0.581,1.65,16.4,0.291,0.74,0.512,0.137,0.513,0.55,98.4,96.42,80.35,7958,0.491
1610612760,Oklahoma City Thunder,82,24,58,0.293,48.3,38.3,89.1,0.43,12.1,37.4,0.323,15.0,19.9,0.756,10.4,35.2,45.6,22.2,14.0,7.6,4.6,6.0,18.3,17.8,103.7,-8.1,2021-22,102.2,103.8,110.2,111.7,-8.0,-8.0,0.58,1.59,16.4,0.256,0.727,0.487,0.14,0.497,0.53,100.8,99.39,82.83,8198,0.451
1610612753,Orlando Magic,82,22,60,0.268,48.2,38.3,88.3,0.434,12.2,36.9,0.331,15.5,19.7,0.787,9.1,35.2,44.3,23.7,14.5,6.8,4.5,5.2,19.7,18.3,104.2,-8.0,2021-22,101.8,103.9,110.3,112.1,-8.5,-8.1,0.62,1.64,17.4,0.249,0.735,0.49,0.144,0.503,0.538,101.5,99.71,83.09,8223,0.458
1610612755,Philadelphia 76ers,82,51,31,0.622,48.3,39.4,84.5,0.466,11.6,31.8,0.364,19.6,23.8,0.821,8.5,33.8,42.3,23.7,12.5,7.7,5.3,4.6,19.4,19.4,109.9,2.6,2021-22,111.0,113.0,108.3,110.2,2.7,2.8,0.602,1.89,17.9,0.246,0.724,0.49,0.129,0.534,0.578,98.4,96.71,80.59,7975,0.517
1610612756,Phoenix Suns,82,64,18,0.78,48.1,43.7,90.1,0.485,11.6,31.9,0.364,15.9,19.9,0.797,9.8,35.5,45.3,27.4,12.9,8.6,4.4,4.0,19.9,18.9,114.8,7.5,2021-22,112.5,114.2,104.7,106.8,7.8,7.5,0.627,2.12,19.5,0.264,0.728,0.503,0.129,0.549,0.581,102.0,100.26,83.55,8242,0.548
1610612757,Portland Trail Blazers,82,27,55,0.329,48.1,38.5,87.1,0.442,12.7,36.8,0.346,16.4,21.6,0.76,10.4,32.5,42.9,22.9,14.5,8.0,4.5,5.0,21.1,19.4,106.2,-8.9,2021-22,105.5,107.3,114.0,116.3,-8.5,-9.1,0.595,1.58,17.0,0.268,0.721,0.487,0.146,0.515,0.55,100.6,98.74,82.28,8120,0.447
1610612758,Sacramento Kings,82,30,52,0.366,48.3,40.5,88.1,0.46,11.4,33.2,0.344,17.9,23.3,0.768,9.6,33.4,42.9,23.7,14.1,7.2,4.5,4.8,18.9,20.3,110.3,-5.5,2021-22,107.2,109.6,112.9,114.8,-5.7,-5.2,0.585,1.68,17.3,0.259,0.714,0.484,0.14,0.525,0.561,102.1,100.1,83.41,8252,0.473
1610612759,San Antonio Spurs,82,34,48,0.415,48.3,43.2,92.7,0.467,11.3,32.0,0.352,15.4,20.4,0.754,11.0,34.3,45.3,27.9,12.7,7.6,4.9,4.9,18.1,18.9,113.2,0.1,2021-22,109.4,111.9,110.0,111.7,-0.6,0.2,0.646,2.19,19.5,0.281,0.711,0.494,0.126,0.527,0.556,102.4,100.51,83.76,8290,0.51
1610612761,Toronto Raptors,82,48,34,0.585,48.4,40.6,91.3,0.445,11.9,34.2,0.349,16.2,21.3,0.759,13.4,32.0,45.3,22.1,12.5,9.0,4.6,5.1,19.6,19.1,109.4,2.3,2021-22,109.6,112.1,107.9,109.9,1.7,2.2,0.543,1.77,16.1,0.325,0.714,0.508,0.128,0.51,0.543,98.6,96.63,80.53,8000,0.494
1610612762,Utah Jazz,82,49,33,0.598,48.1,40.6,86.2,0.471,14.5,40.3,0.36,17.9,23.4,0.767,10.8,35.6,46.3,22.4,14.0,7.2,4.9,4.3,18.9,20.3,113.6,6.0,2021-22,114.0,116.2,107.7,110.0,6.2,6.2,0.552,1.6,16.7,0.3,0.738,0.525,0.143,0.555,0.589,99.5,97.5,81.25,8014,0.528
1610612764,Washington Wizards,82,35,47,0.427,48.4,40.6,86.0,0.472,10.5,30.6,0.342,17.0,21.7,0.783,9.0,34.1,43.1,25.0,13.1,6.4,5.0,4.2,18.8,19.9,108.6,-3.4,2021-22,108.9,110.2,111.7,113.6,-2.8,-3.4,0.617,1.91,18.5,0.247,0.731,0.494,0.133,0.532,0.568,99.3,97.8,81.5,8079,0.496
1610612737,Atlanta Hawks,82,41,41,0.5,48.4,44.6,92.4,0.483,10.8,30.5,0.352,18.5,22.6,0.818,11.2,33.2,44.4,25.0,12.9,7.1,4.9,5.0,18.8,19.7,118.4,0.3,2022-23,113.9,115.5,113.6,115.4,0.3,0.1,0.56,1.93,17.6,0.289,0.717,0.5,0.126,0.541,0.579,103.1,101.56,84.63,8407,0.5
1610612738,Boston Celtics,82,57,25,0.695,48.7,42.2,88.8,0.475,16.0,42.6,0.377,17.5,21.6,0.812,9.7,35.6,45.3,26.7,13.4,6.4,5.2,3.9,18.8,19.1,117.9,6.5,2022-23,115.7,117.3,108.8,110.6,7.0,6.7,0.632,2.0,19.1,0.255,0.746,0.506,0.133,0.566,0.6,100.6,99.15,82.63,8247,0.534
1610612751,Brooklyn Nets,82,45,37,0.549,48.1,41.5,85.1,0.487,12.8,33.8,0.378,17.7,22.1,0.8,8.2,32.3,40.5,25.5,13.7,7.1,6.2,3.9,21.1,18.5,113.4,0.9,2022-23,113.0,114.6,110.9,113.5,2.1,1.1,0.616,1.86,18.9,0.234,0.689,0.472,0.139,0.562,0.598,100.7,98.77,82.31,8111,0.51
1610612766,Charlotte Hornets,82,27,55,0.329,48.4,41.3,90.4,0.457,10.7,32.5,0.33,17.6,23.6,0.749,11.0,33.5,44.5,25.1,14.2,7.7,5.2,5.7,20.3,20.3,111.0,-6.2,2022-23,106.7,108.4,112.6,114.7,-5.9,-6.3,0.609,1.77,17.8,0.276,0.717,0.491,0.139,0.516,0.551,103.3,101.47,84.56,8390,0.473
1610612741,Chicago Bulls,82,40,42,0.488,48.5,42.5,86.8,0.49,10.4,28.9,0.361,17.6,21.8,0.809,8.5,33.9,42.4,24.5,13.4,7.9,4.5,4.7,18.9,18.7,113.1,1.3,2022-23,111.7,112.8,109.4,111.5,2.3,1.3,0.575,1.83,18.1,0.236,0.736,0.493,0.133,0.55,0.587,100.6,99.18,82.65,8225,0.512
1610612739,Cleveland Cavaliers,82,51,31,0.622,48.5,41.6,85.2,0.488,11.6,31.6,0.367,17.5,22.5,0.78,9.7,31.4,41.1,24.9,13.3,7.1,4.7,4.4,19.0,20.4,112.3,5.4,2022-23,113.7,115.5,107.7,109.9,6.0,5.6,0.6,1.87,18.6,0.273,0.715,0.496,0.137,0.556,0.59,98.0,96.27,80.23,7972,0.531
1610612742,Dallas Mavericks,82,38,44,0.463,48.6,40.0,84.3,0.475,15.2,41.0,0.371,19.0,25.1,0.755,7.6,31.2,38.8,22.9,12.2,6.3,3.7,3.8,20.7,21.8,114.2,0.1,2022-23,114.3,115.9,114.0,116.1,0.3,-0.2,0.573,1.88,17.4,0.226,0.717,0.471,0.124,0.565,0.599,98.8,97.21,81.01,8082,0.487
1610612743,Denver Nuggets,82,53,29,0.646,48.2,43.6,86.4,0.504,11.8,31.2,0.379,16.8,22.4,0.751,10.1,32.9,43.0,28.9,14.5,7.5,4.5,4.2,18.6,19.5,115.8,3.3,2022-23,115.0,116.8,111.7,113.5,3.3,3.3,0.663,1.99,20.5,0.289,0.727,0.514,0.147,0.573,0.601,100.3,98.74,82.28,8129,0.525
1610612765,Detroit Pistons,82,17,65,0.207,48.3,39.6,87.1,0.454,11.4,32.4,0.351,19.8,25.7,0.771,11.2,31.3,42.4,23.0,15.1,7.0,3.8,5.5,22.1,21.0,110.3,-8.2,2022-23,107.8,109.9,116.1,117.8,-8.2,-7.9,0.581,1.52,16.7,0.292,0.702,0.491,0.15,0.52,0.561,101.6,99.88,83.23,8231,0.449
1610612744,Golden State Warriors,82,44,38,0.537,48.4,43.1,90.2,0.479,16.6,43.2,0.385,16.0,20.2,0.794,10.5,34.1,44.6,29.8,16.3,7.2,4.0,4.0,21.4,18.4,118.9,1.8,2022-23,113.5,115.1,111.4,113.4,2.1,1.7,0.691,1.83,20.4,0.277,0.719,0.502,0.158,0.571,0.6,104.2,102.54,85.45,8472,0.51
1610612745,Houston Rockets,82,22,60,0.268,48.2,40.6,88.9,0.457,10.4,31.9,0.327,19.1,25.3,0.754,13.4,32.9,46.3,22.4,16.2,7.3,4.6,6.2,20.5,20.6,110.7,-7.9,2022-23,107.7,110.5,116.9,118.6,-9.2,-8.1,0.551,1.38,16.0,0.344,0.729,0.53,0.162,0.516,0.554,101.8,99.74,83.11,8220,0.457
1610612754,Indiana Pacers,82,35,47,0.427,48.2,42.0,89.6,0.469,13.6,37.0,0.367,18.7,23.7,0.79,10.1,31.4,41.5,27.0,14.9,7.7,5.8,5.3,21.2,20.2,116.3,-3.2,2022-23,111.0,113.8,115.4,117.1,-4.4,-3.3,0.643,1.81,18.9,0.285,0.685,0.482,0.146,0.545,0.581,103.8,101.68,84.73,8377,0.482
1610612746,LA Clippers,82,44,38,0.537,48.4,41.1,86.1,0.477,12.7,33.3,0.381,18.7,23.9,0.781,9.8,33.4,43.2,23.9,14.2,7.1,4.4,4.2,19.5,19.6,113.6,0.5,2022-23,112.4,114.0,112.0,113.6,0.3,0.5,0.581,1.68,17.5,0.273,0.731,0.505,0.143,0.551,0.588,100.2,98.84,82.37,8168,0.498
1610612747,Los Angeles Lakers,82,43,39,0.524,48.5,42.9,89.0,0.482,10.8,31.2,0.346,20.6,26.6,0.775,10.0,35.7,45.7,25.3,14.1,6.4,4.6,5.1,17.9,21.5,117.2,0.6,2022-23,111.8,113.9,111.5,113.2,0.3,0.7,0.589,1.8,17.9,0.269,0.727,0.505,0.137,0.542,0.582,103.6,101.92,84.93,8436,0.511
1610612763,Memphis Grizzlies,82,51,31,0.622,48.2,43.7,92.1,0.475,12.0,34.2,0.351,17.5,23.8,0.733,12.0,34.6,46.6,26.0,13.6,8.3,5.8,5.2,20.0,20.0,116.9,3.9,2022-23,112.3,114.7,108.3,110.7,4.0,4.0,0.596,1.91,18.2,0.302,0.711,0.507,0.133,0.54,0.57,103.7,101.5,84.58,8360,0.519
1610612748,Miami Heat,82,44,38,0.537,48.3,39.2,85.3,0.46,12.0,34.8,0.344,19.1,23.0,0.831,9.7,30.9,40.6,23.8,13.5,8.0,3.0,3.8,18.5,20.0,109.5,-0.3,2022-23,110.4,112.3,110.6,112.8,-0.2,-0.5,0.608,1.77,17.8,0.274,0.733,0.498,0.138,0.53,0.574,98.6,96.76,80.63,7991,0.496
1610612749,Milwaukee Bucks,82,58,24,0.707,48.4,42.7,90.4,0.473,14.8,40.3,0.368,16.6,22.4,0.743,11.1,37.5,48.6,25.8,14.6,6.4,4.9,3.9,18.0,19.0,116.9,3.6,2022-23,112.8,114.3,109.4,110.9,3.3,3.4,0.604,1.76,18.1,0.284,0.745,0.521,0.143,0.555,0.583,102.8,101.45,84.54,8389,0.523
1610612750,Minnesota Timberwolves,82,42,40,0.512,48.4,42.9,87.4,0.49,12.2,33.3,0.365,17.9,23.7,0.755,9.1,32.8,41.9,26.2,15.3,8.0,5.4,4.1,21.6,20.2,115.8,0.0,2022-23,111.3,113.3,111.1,113.1,0.2,0.2,0.61,1.71,18.6,0.258,0.703,0.485,0.15,0.56,0.592,103.4,101.55,84.62,8383,0.503
1610612740,New Orleans Pelicans,82,42,40,0.512,48.4,42.0,87.6,0.48,11.0,30.1,0.364,19.3,24.4,0.793,10.6,33.1,43.7,25.9,14.6,8.3,4.1,4.7,20.5,20.4,114.4,1.9,2022-23,111.8,113.8,109.9,112.0,1.9,1.9,0.616,1.77,18.5,0.29,0.732,0.512,0.145,0.543,0.582,101.4,99.58,82.98,8239,0.514
1610612752,New York Knicks,82,47,35,0.573,48.7,42.0,89.4,0.47,12.6,35.7,0.354,19.4,25.5,0.761,12.6,34.0,46.6,22.9,13.0,6.4,4.1,4.5,20.3,20.7,116.0,2.9,2022-23,114.9,117.0,111.8,114.2,3.1,2.8,0.546,1.77,16.6,0.318,0.727,0.521,0.131,0.541,0.577,99.7,97.75,81.46,8134,0.509
1610612760,Oklahoma City Thunder,82,40,42,0.488,48.4,43.1,92.6,0.465,12.1,34.1,0.356,19.2,23.7,0.809,11.4,32.3,43.7,24.4,13.0,8.2,4.2,5.5,21.0,20.4,117.5,1.1,2022-23,112.3,114.2,111.4,113.2,0.8,1.0,0.567,1.87,17.2,0.289,0.693,0.487,0.127,0.531,0.57,103.6,101.94,84.95,8435,0.498
1610612753,Orlando Magic,82,34,48,0.415,48.2,40.5,86.3,0.47,10.8,31.1,0.346,19.6,25.0,0.784,10.2,33.1,43.2,23.2,15.1,7.4,4.7,5.1,20.1,20.5,111.4,-2.6,2022-23,109.0,111.3,111.5,113.7,-2.4,-2.3,0.574,1.54,17.0,0.281,0.73,0.505,0.151,0.532,0.573,101.7,99.66,83.05,8205,0.485
1610612755,Philadelphia 76ers,82,54,28,0.659,48.5,40.8,83.8,0.487,12.6,32.6,0.387,21.0,25.1,0.835,8.7,32.2,40.9,25.2,13.7,7.7,4.7,4.6,20.4,19.6,115.2,4.3,2022-23,115.5,117.0,110.2,112.7,5.2,4.4,0.616,1.84,18.6,0.258,0.721,0.496,0.139,0.563,0.608,99.2,97.44,81.2,8072,0.524
1610612756,Phoenix Suns,82,45,37,0.549,48.2,42.1,90.1,0.467,12.2,32.6,0.374,17.2,21.7,0.793,11.8,32.4,44.2,27.3,13.5,7.1,5.3,4.0,21.2,19.9,113.6,2.1,2022-23,112.1,114.5,110.1,112.3,2.1,2.2,0.647,2.01,19.3,0.307,0.714,0.508,0.136,0.535,0.57,100.8,98.83,82.36,8141,0.514
1610612757,Portland Trail Blazers,82,33,49,0.402,48.1,40.5,85.4,0.474,12.9,35.3,0.365,19.6,24.6,0.796,9.4,31.1,40.5,24.2,14.5,6.7,4.6,4.3,20.0,20.5,113.4,-4.0,2022-23,112.0,114.0,116.0,118.0,-4.0,-4.0,0.597,1.67,17.8,0.264,0.709,0.486,0.145,0.549,0.589,101.0,99.25,82.71,8157,0.474
1610612758,Sacramento Kings,82,48,34,0.585,48.4,43.6,88.2,0.494,13.8,37.3,0.369,19.8,25.1,0.79,9.5,32.9,42.5,27.3,13.5,7.0,3.4,4.2,19.7,20.9,120.7,2.6,2022-23,117.0,118.6,114.1,116.0,2.9,2.6,0.626,2.02,19.3,0.265,0.731,0.499,0.133,0.572,0.608,102.5,100.99,84.16,8343,0.511
1610612759,San Antonio Spurs,82,22,60,0.268,48.4,43.1,92.6,0.465,11.1,32.2,0.345,15.8,21.2,0.743,11.8,31.9,43.7,27.2,15.3,7.0,3.9,5.3,19.9,18.5,113.0,-10.0,2022-23,107.2,109.7,117.7,119.6,-10.5,-9.9,0.632,1.78,18.7,0.299,0.709,0.495,0.148,0.525,0.554,104.1,102.07,85.06,8451,0.452
1610612761,Toronto Raptors,82,41,41,0.5,48.3,41.9,91.3,0.459,10.7,32.0,0.335,18.4,23.4,0.784,12.7,30.3,43.0,23.9,11.7,9.4,5.2,4.6,20.0,19.6,112.9,1.5,2022-23,112.2,114.6,111.4,113.1,0.8,1.5,0.571,2.05,17.2,0.316,0.721,0.502,0.118,0.517,0.555,99.6,97.85,81.54,8076,0.496
1610612762,Utah Jazz,82,37,45,0.451,48.3,42.5,89.8,0.473,13.3,37.8,0.353,18.7,23.8,0.786,11.8,34.1,45.9,26.0,15.4,6.1,5.2,4.9,20.5,20.5,117.1,-0.9,2022-23,112.7,115.3,113.8,116.0,-1.1,-0.7,0.611,1.69,18.2,0.308,0.711,0.512,0.151,0.547,0.584,103.1,101.02,84.18,8329,0.498
1610612764,Washington Wizards,82,35,47,0.427,48.2,42.1,86.9,0.485,11.3,31.7,0.356,17.6,22.4,0.785,9.4,34.2,43.6,25.4,14.1,6.8,5.2,5.0,18.8,19.4,113.2,-1.2,2022-23,111.5,113.7,113.3,114.9,-1.8,-1.2,0.603,1.8,18.5,0.273,0.724,0.505,0.142,0.55,0.585,100.8,99.16,82.63,8161,0.504
